event_id,event_ts,event_date,scooter_id,driver_id,city,zone,battery_pct,speed_kmh,temp_c,brake_health,lat,lon,event_type,alert_code,ingest_source
EVT-00001,2026-02-10T20:10:03Z,2026-02-10,SC-108,DR-9002,Lima,Callao,64,13.51,40.38,0.84,-12.148134,-77.109073,maintenance,,csv_simulator
EVT-00002,2026-02-10T20:10:06Z,2026-02-10,SC-103,DR-9002,Lima,Surco,77,20.42,29.77,0.64,-12.143204,-77.140265,telemetry,,csv_simulator
EVT-00003,2026-02-10T20:10:09Z,2026-02-10,SC-129,DR-9038,Lima,SanIsidro,57,29.91,38.26,0.67,-12.084523,-77.055574,telemetry,,csv_simulator
EVT-00004,2026-02-10T20:10:12Z,2026-02-10,SC-107,DR-9006,Lima,Barranco,51,21.88,34.51,0.90,-12.008690,-77.091885,telemetry,,csv_simulator
EVT-00005,2026-02-10T20:10:15Z,2026-02-10,SC-106,DR-9036,Lima,Surco,57,26.14,43.70,0.67,-12.038458,-77.013911,telemetry,,csv_simulator
EVT-00006,2026-02-10T20:10:18Z,2026-02-10,SC-106,DR-9015,Lima,Barranco,78,13.63,23.48,0.88,-12.032531,-77.071054,telemetry,,csv_simulator
EVT-00007,2026-02-10T20:10:21Z,2026-02-10,SC-144,DR-9042,Lima,Callao,90,21.69,32.14,0.75,-12.092452,-77.053990,maintenance,,csv_simulator
EVT-00008,2026-02-10T20:10:24Z,2026-02-10,SC-144,DR-9021,Lima,SanIsidro,84,9.34,38.27,0.83,-12.063091,-77.053548,telemetry,,csv_simulator
EVT-00009,2026-02-10T20:10:27Z,2026-02-10,SC-146,DR-9021,Lima,JesusMaria,70,24.86,46.60,0.61,-12.028574,-77.027926,maintenance,,csv_simulator
EVT-00010,2026-02-10T20:10:30Z,2026-02-10,SC-117,DR-9048,Lima,JesusMaria,28,11.51,33.46,0.85,-12.199508,-77.101905,telemetry,,csv_simulator
EVT-00011,2026-02-10T20:10:33Z,2026-02-10,SC-108,DR-9010,Lima,Miraflores,40,10.37,35.44,0.81,-12.076324,-77.199224,maintenance,,csv_simulator
EVT-00012,2026-02-10T20:10:36Z,2026-02-10,SC-136,DR-9001,Lima,Barranco,60,15.32,47.99,0.58,-12.153720,-77.068035,telemetry,,csv_simulator
EVT-00013,2026-02-10T20:10:39Z,2026-02-10,SC-111,DR-9030,Lima,Surco,96,18.20,33.95,0.31,-12.152392,-77.101536,telemetry,BRAKE_LOW,csv_simulator
EVT-00014,2026-02-10T20:10:42Z,2026-02-10,SC-120,DR-9041,Lima,Callao,51,17.81,34.66,0.86,-12.190700,-77.184487,telemetry,,csv_simulator
EVT-00015,2026-02-10T20:10:45Z,2026-02-10,SC-121,DR-9032,Lima,JesusMaria,100,19.69,48.93,0.55,-12.061503,-77.011585,maintenance,,csv_simulator
EVT-00016,2026-02-10T20:10:48Z,2026-02-10,SC-106,DR-9047,Lima,Miraflores,57,18.20,38.91,0.47,-12.025678,-77.095056,maintenance,,csv_simulator
EVT-00017,2026-02-10T20:10:51Z,2026-02-10,SC-117,DR-9034,Lima,SanIsidro,79,13.48,40.37,1.00,-12.145986,-77.040230,telemetry,,csv_simulator
EVT-00018,2026-02-10T20:10:54Z,2026-02-10,SC-143,DR-9042,Lima,Surco,34,27.19,32.24,0.82,-12.012805,-77.004207,maintenance,,csv_simulator
EVT-00019,2026-02-10T20:10:57Z,2026-02-10,SC-138,DR-9015,Lima,SanIsidro,96,18.43,40.79,0.80,-12.006283,-77.066086,maintenance,,csv_simulator
EVT-00020,2026-02-10T20:11:00Z,2026-02-10,SC-118,DR-9043,Lima,SanIsidro,40,18.68,35.24,0.41,-12.115242,-77.048599,telemetry,BRAKE_LOW,csv_simulator
EVT-00021,2026-02-10T20:11:03Z,2026-02-10,SC-113,DR-9007,Lima,Surco,82,21.65,30.04,0.87,-12.145815,-77.134673,telemetry,,csv_simulator
EVT-00022,2026-02-10T20:11:06Z,2026-02-10,SC-126,DR-9047,Lima,Miraflores,43,28.10,38.04,0.90,-12.089723,-77.084376,telemetry,,csv_simulator
EVT-00023,2026-02-10T20:11:09Z,2026-02-10,SC-116,DR-9005,Lima,Surco,27,22.17,35.55,0.76,-12.199856,-77.167206,telemetry,,csv_simulator
EVT-00024,2026-02-10T20:11:12Z,2026-02-10,SC-111,DR-9027,Lima,SanIsidro,51,18.37,35.74,0.82,-12.075795,-77.197062,telemetry,,csv_simulator
EVT-00025,2026-02-10T20:11:15Z,2026-02-10,SC-119,DR-9028,Lima,Surco,54,8.83,40.45,0.52,-12.097334,-77.037980,telemetry,,csv_simulator
EVT-00026,2026-02-10T20:11:18Z,2026-02-10,SC-138,DR-9048,Lima,Miraflores,32,15.39,47.92,0.86,-12.100570,-77.170544,telemetry,,csv_simulator
EVT-00027,2026-02-10T20:11:21Z,2026-02-10,SC-133,DR-9006,Lima,Miraflores,69,16.18,52.49,0.93,-12.080755,-77.188319,maintenance,OVERHEAT,csv_simulator
EVT-00028,2026-02-10T20:11:24Z,2026-02-10,SC-138,DR-9039,Lima,SanIsidro,73,18.61,32.32,0.59,-12.063274,-77.052153,telemetry,,csv_simulator
EVT-00029,2026-02-10T20:11:27Z,2026-02-10,SC-117,DR-9026,Lima,SanIsidro,84,24.33,20.26,0.89,-12.187147,-77.001863,maintenance,,csv_simulator
EVT-00030,2026-02-10T20:11:30Z,2026-02-10,SC-107,DR-9005,Lima,JesusMaria,41,16.33,42.99,0.90,-12.013758,-77.048857,telemetry,,csv_simulator
EVT-00031,2026-02-10T20:11:33Z,2026-02-10,SC-129,DR-9035,Lima,SanIsidro,57,10.10,49.62,0.76,-12.001565,-77.163421,telemetry,,csv_simulator
EVT-00032,2026-02-10T20:11:36Z,2026-02-10,SC-107,DR-9009,Lima,Callao,61,30.55,37.78,0.68,-12.056351,-77.042126,telemetry,,csv_simulator
EVT-00033,2026-02-10T20:11:39Z,2026-02-10,SC-144,DR-9041,Lima,SanIsidro,79,12.32,37.88,1.00,-12.010160,-77.126857,telemetry,,csv_simulator
EVT-00034,2026-02-10T20:11:42Z,2026-02-10,SC-101,DR-9022,Lima,Miraflores,68,9.53,37.01,1.00,-12.110336,-77.085537,telemetry,,csv_simulator
EVT-00035,2026-02-10T20:11:45Z,2026-02-10,SC-105,DR-9045,Lima,Miraflores,85,13.72,43.36,0.57,-12.029619,-77.025489,telemetry,,csv_simulator
EVT-00036,2026-02-10T20:11:48Z,2026-02-10,SC-103,DR-9023,Lima,Barranco,68,22.40,49.12,0.97,-12.176827,-77.081275,maintenance,,csv_simulator
EVT-00037,2026-02-10T20:11:51Z,2026-02-10,SC-110,DR-9016,Lima,Callao,100,5.67,44.16,0.44,-12.004957,-77.147313,telemetry,BRAKE_LOW,csv_simulator
EVT-00038,2026-02-10T20:11:54Z,2026-02-10,SC-143,DR-9048,Lima,Surco,70,13.61,38.89,0.70,-12.174433,-77.171719,telemetry,,csv_simulator
EVT-00039,2026-02-10T20:11:57Z,2026-02-10,SC-130,DR-9023,Lima,SanIsidro,52,28.05,38.25,0.82,-12.038626,-77.065652,telemetry,,csv_simulator
EVT-00040,2026-02-10T20:12:00Z,2026-02-10,SC-123,DR-9042,Lima,Barranco,34,17.47,41.98,0.65,-12.005520,-77.175408,telemetry,,csv_simulator
EVT-00041,2026-02-10T20:12:03Z,2026-02-10,SC-138,DR-9017,Lima,SanIsidro,91,19.92,30.05,1.00,-12.087279,-77.196847,telemetry,,csv_simulator
EVT-00042,2026-02-10T20:12:06Z,2026-02-10,SC-137,DR-9013,Lima,Surco,64,27.42,56.23,0.78,-12.107690,-77.143886,telemetry,OVERHEAT,csv_simulator
EVT-00043,2026-02-10T20:12:09Z,2026-02-10,SC-128,DR-9005,Lima,Barranco,100,13.73,29.56,0.59,-12.024925,-77.180009,maintenance,,csv_simulator
EVT-00044,2026-02-10T20:12:12Z,2026-02-10,SC-143,DR-9027,Lima,Barranco,50,26.23,33.08,0.74,-12.132986,-77.075829,telemetry,,csv_simulator
EVT-00045,2026-02-10T20:12:15Z,2026-02-10,SC-137,DR-9020,Lima,JesusMaria,33,24.32,36.18,0.90,-12.157152,-77.121332,telemetry,,csv_simulator
EVT-00046,2026-02-10T20:12:18Z,2026-02-10,SC-129,DR-9029,Lima,Surco,54,11.59,43.50,0.34,-12.147192,-77.131770,telemetry,BRAKE_LOW,csv_simulator
EVT-00047,2026-02-10T20:12:21Z,2026-02-10,SC-143,DR-9041,Lima,JesusMaria,,16.19,43.59,0.74,-12.062084,-77.161313,telemetry,,csv_simulator
EVT-00048,2026-02-10T20:12:24Z,2026-02-10,SC-103,DR-9016,Lima,Miraflores,92,17.17,39.02,0.58,-12.177227,-77.115134,telemetry,,csv_simulator
EVT-00049,2026-02-10T20:12:27Z,2026-02-10,SC-126,DR-9016,Lima,Surco,83,25.32,50.40,0.56,-12.177093,-77.155684,telemetry,OVERHEAT,csv_simulator
EVT-00050,2026-02-10T20:12:30Z,2026-02-10,SC-145,DR-9034,Lima,SanIsidro,40,19.69,41.53,0.73,-12.026668,-77.092929,maintenance,,csv_simulator
EVT-00051,2026-02-10T20:12:33Z,2026-02-10,SC-139,DR-9021,Lima,JesusMaria,100,14.10,28.31,0.59,-12.100956,-77.166114,maintenance,,csv_simulator
EVT-00052,2026-02-10T20:12:36Z,2026-02-10,SC-111,DR-9048,Lima,Surco,79,12.98,38.17,0.44,-12.055462,-77.155535,telemetry,BRAKE_LOW,csv_simulator
EVT-00053,2026-02-10T20:12:39Z,2026-02-10,SC-116,DR-9018,Lima,Callao,35,21.50,38.70,0.94,-12.178605,-77.016116,telemetry,,csv_simulator
EVT-00054,2026-02-10T20:12:42Z,2026-02-10,SC-125,DR-9045,Lima,SanIsidro,72,21.41,31.83,0.86,-12.093185,-77.012453,telemetry,,csv_simulator
EVT-00055,2026-02-10T20:12:45Z,2026-02-10,SC-150,DR-9038,Lima,Surco,68,17.60,45.67,0.62,-12.095396,-77.188548,telemetry,,csv_simulator
EVT-00056,2026-02-10T20:12:48Z,2026-02-10,SC-127,DR-9035,Lima,Surco,64,10.46,33.50,0.70,-12.043884,-77.087167,telemetry,,csv_simulator
EVT-00057,2026-02-10T20:12:51Z,2026-02-10,SC-122,DR-9043,Lima,Surco,56,12.49,42.57,0.95,-12.025526,-77.124451,telemetry,,csv_simulator
EVT-00058,2026-02-10T20:12:54Z,2026-02-10,SC-138,DR-9037,Lima,Surco,60,15.85,23.52,0.94,-12.036346,-77.052031,telemetry,,csv_simulator
EVT-00059,2026-02-10T20:12:57Z,2026-02-10,SC-130,DR-9021,Lima,SanIsidro,43,28.53,34.53,1.00,-12.084313,-77.166982,telemetry,,csv_simulator
EVT-00060,2026-02-10T20:13:00Z,2026-02-10,SC-148,DR-9035,Lima,Miraflores,100,22.75,38.49,0.85,-12.191457,-77.008052,telemetry,,csv_simulator
EVT-00061,2026-02-10T20:13:03Z,2026-02-10,SC-113,DR-9002,Lima,SanIsidro,54,14.94,34.11,0.79,-12.189551,-77.093007,telemetry,,csv_simulator
EVT-00062,2026-02-10T20:13:06Z,2026-02-10,SC-111,DR-9039,Lima,Barranco,39,11.78,49.13,1.00,-12.192944,-77.021620,telemetry,,csv_simulator
EVT-00063,2026-02-10T20:13:09Z,2026-02-10,SC-137,DR-9044,Lima,Barranco,81,14.82,42.96,0.74,-12.118420,-77.166114,telemetry,,csv_simulator
EVT-00064,2026-02-10T20:13:12Z,2026-02-10,SC-145,DR-9050,Lima,Miraflores,55,26.64,42.88,0.48,-12.113187,-77.008214,maintenance,,csv_simulator
EVT-00065,2026-02-10T20:13:15Z,2026-02-10,SC-143,DR-9024,Lima,Surco,91,21.64,46.32,0.79,-12.098040,-77.086705,telemetry,,csv_simulator
EVT-00066,2026-02-10T20:13:18Z,2026-02-10,SC-130,DR-9046,Lima,Callao,72,21.06,26.51,0.74,-12.123182,-77.183924,telemetry,,csv_simulator
EVT-00067,2026-02-10T20:13:21Z,2026-02-10,SC-128,DR-9047,Lima,Surco,50,15.09,38.53,1.00,-12.055786,-77.090160,telemetry,,csv_simulator
EVT-00068,2026-02-10T20:13:24Z,2026-02-10,SC-140,DR-9043,Lima,JesusMaria,61,19.00,41.00,0.69,-12.042424,-77.159566,telemetry,,csv_simulator
EVT-00069,2026-02-10T20:13:27Z,2026-02-10,SC-139,DR-9045,Lima,Barranco,83,12.77,32.82,0.77,-12.048271,-77.081286,maintenance,,csv_simulator
EVT-00070,2026-02-10T20:13:30Z,2026-02-10,SC-145,DR-9031,Lima,SanIsidro,50,12.47,38.94,0.70,-12.044319,-77.138357,telemetry,,csv_simulator
EVT-00071,2026-02-10T20:13:33Z,2026-02-10,SC-138,DR-9024,Lima,Callao,40,19.23,26.18,0.91,-12.066158,-77.140571,telemetry,,csv_simulator
EVT-00072,2026-02-10T20:13:36Z,2026-02-10,SC-117,DR-9015,Lima,Barranco,74,20.70,45.24,0.93,-12.152438,-77.037030,telemetry,,csv_simulator
EVT-00073,2026-02-10T20:13:39Z,2026-02-10,SC-131,DR-9018,Lima,Callao,56,1.77,31.55,0.76,-12.020105,-77.038824,telemetry,,csv_simulator
EVT-00074,2026-02-10T20:13:42Z,2026-02-10,SC-112,DR-9020,Lima,Barranco,89,18.66,34.71,1.00,-12.110672,-77.139483,telemetry,,csv_simulator
EVT-00075,2026-02-10T20:13:45Z,2026-02-10,SC-149,DR-9032,Lima,Callao,67,18.57,36.05,0.98,-12.068141,-77.193100,telemetry,,csv_simulator
EVT-00076,2026-02-10T20:13:48Z,2026-02-10,SC-108,DR-9005,Lima,Surco,58,19.38,36.18,0.74,-12.029840,-77.112568,telemetry,,csv_simulator
EVT-00077,2026-02-10T20:13:51Z,2026-02-10,SC-116,DR-9008,Lima,Miraflores,45,15.78,28.86,0.64,-12.155139,-77.076076,telemetry,,csv_simulator
EVT-00078,2026-02-10T20:13:54Z,2026-02-10,SC-138,DR-9028,Lima,Barranco,55,25.86,27.86,0.59,-12.189518,-77.041558,telemetry,,csv_simulator
EVT-00079,2026-02-10T20:13:57Z,2026-02-10,SC-143,,Lima,Barranco,71,21.09,38.52,0.79,-12.090101,-77.118762,telemetry,,csv_simulator
EVT-00080,2026-02-10T20:14:00Z,2026-02-10,SC-115,DR-9019,Lima,Miraflores,56,8.99,26.31,0.86,-12.184782,-77.157566,maintenance,,csv_simulator
EVT-00081,2026-02-10T20:14:03Z,2026-02-10,SC-113,DR-9028,Lima,Callao,75,20.83,41.73,0.89,-12.028447,-77.011928,telemetry,,csv_simulator
EVT-00082,2026-02-10T20:14:06Z,2026-02-10,SC-148,DR-9037,Lima,JesusMaria,83,14.93,31.32,0.81,-12.080502,-77.054449,maintenance,,csv_simulator
EVT-00083,2026-02-10T20:14:09Z,2026-02-10,SC-129,DR-9006,Lima,Surco,30,10.73,36.94,0.54,-12.005173,-77.045785,maintenance,,csv_simulator
EVT-00084,2026-02-10T20:14:12Z,2026-02-10,SC-102,DR-9049,Lima,JesusMaria,57,13.80,51.02,0.86,-12.094100,-77.130302,telemetry,OVERHEAT,csv_simulator
EVT-00085,2026-02-10T20:14:15Z,2026-02-10,SC-138,DR-9028,Lima,SanIsidro,49,12.77,44.22,0.87,-12.066662,-77.134027,telemetry,,csv_simulator
EVT-00086,2026-02-10T20:14:18Z,2026-02-10,SC-127,DR-9045,Lima,Barranco,35,18.25,27.04,0.96,-12.007339,-77.017612,telemetry,,csv_simulator
EVT-00087,2026-02-10T20:14:21Z,2026-02-10,SC-108,DR-9050,Lima,Barranco,45,22.09,49.68,0.76,-12.108519,-77.082650,telemetry,,csv_simulator
EVT-00088,2026-02-10T20:14:24Z,2026-02-10,SC-124,DR-9040,Lima,JesusMaria,66,9.60,38.34,0.66,-12.109844,-77.185535,telemetry,,csv_simulator
EVT-00089,2026-02-10T20:14:27Z,2026-02-10,SC-132,DR-9008,Lima,Callao,92,19.53,41.84,0.51,-12.062150,-77.002735,telemetry,,csv_simulator
EVT-00090,2026-02-10T20:14:30Z,2026-02-10,SC-115,DR-9008,Lima,Miraflores,55,18.72,42.64,0.60,-12.143321,-77.101774,telemetry,,csv_simulator
EVT-00091,2026-02-10T20:14:33Z,2026-02-10,SC-131,DR-9031,Lima,Surco,65,25.59,24.56,1.00,-12.101648,-77.175865,telemetry,,csv_simulator
EVT-00092,2026-02-10T20:14:36Z,2026-02-10,SC-150,DR-9027,Lima,Barranco,46,26.92,37.94,0.79,-12.145210,-77.167495,maintenance,,csv_simulator
EVT-00093,2026-02-10T20:14:39Z,2026-02-10,SC-132,DR-9010,Lima,Callao,43,20.28,31.28,1.00,-12.075442,-77.186570,telemetry,,csv_simulator
EVT-00094,2026-02-10T20:14:42Z,2026-02-10,SC-116,DR-9037,Lima,Callao,,25.92,32.07,0.86,-12.094595,-77.182686,telemetry,,csv_simulator
EVT-00095,2026-02-10T20:14:45Z,2026-02-10,SC-143,DR-9042,Lima,Surco,88,17.16,47.20,0.83,-12.118036,-77.173940,telemetry,,csv_simulator
EVT-00096,2026-02-10T20:14:48Z,2026-02-10,SC-134,DR-9030,Lima,Miraflores,76,18.32,52.59,0.43,-12.014966,-77.156305,telemetry,OVERHEAT,csv_simulator
EVT-00097,2026-02-10T20:14:51Z,2026-02-10,SC-140,DR-9045,Lima,Barranco,58,19.47,32.32,1.00,-12.106724,-77.190828,telemetry,,csv_simulator
EVT-00098,2026-02-10T20:14:54Z,2026-02-10,SC-103,DR-9040,Lima,JesusMaria,90,21.53,62.29,0.48,-12.149353,-77.086794,telemetry,OVERHEAT,csv_simulator
EVT-00099,2026-02-10T20:14:57Z,2026-02-10,SC-146,DR-9007,Lima,Callao,36,21.20,40.02,0.75,-12.159229,-77.058674,telemetry,,csv_simulator
EVT-00100,2026-02-10T20:15:00Z,2026-02-10,SC-110,DR-9016,Lima,Surco,39,16.49,39.29,0.67,-12.015794,-77.174168,maintenance,,csv_simulator
EVT-00101,2026-02-10T20:15:03Z,2026-02-10,SC-116,DR-9032,Lima,Callao,74,16.26,32.06,0.81,-12.051065,-77.001879,telemetry,,csv_simulator
EVT-00102,2026-02-10T20:15:06Z,2026-02-10,SC-144,DR-9035,Lima,Barranco,76,23.43,31.98,0.98,-12.127788,-77.084862,telemetry,,csv_simulator
EVT-00103,2026-02-10T20:15:09Z,2026-02-10,SC-120,DR-9013,Lima,Surco,100,17.95,44.14,0.89,-12.071792,-77.059174,telemetry,,csv_simulator
EVT-00104,2026-02-10T20:15:12Z,2026-02-10,SC-143,DR-9026,Lima,Miraflores,61,25.66,32.81,0.51,-12.009809,-77.121281,telemetry,,csv_simulator
EVT-00105,2026-02-10T20:15:15Z,2026-02-10,SC-150,DR-9015,Lima,Barranco,50,14.52,30.72,0.59,-12.135553,-77.144186,telemetry,,csv_simulator
EVT-00106,2026-02-10T20:15:18Z,2026-02-10,SC-107,DR-9041,Lima,Callao,54,13.90,28.19,0.87,-12.146472,-77.018027,telemetry,,csv_simulator
EVT-00107,2026-02-10T20:15:21Z,2026-02-10,SC-148,DR-9027,Lima,Barranco,69,20.85,17.31,0.66,-12.106170,-77.182697,telemetry,,csv_simulator
EVT-00108,2026-02-10T20:15:24Z,2026-02-10,SC-131,DR-9019,Lima,Barranco,64,12.54,53.39,1.00,-12.028151,-77.193300,telemetry,OVERHEAT,csv_simulator
EVT-00109,2026-02-10T20:15:27Z,2026-02-10,SC-124,DR-9006,Lima,JesusMaria,65,17.03,29.42,0.73,-12.134566,-77.134468,maintenance,,csv_simulator
EVT-00110,2026-02-10T20:15:30Z,2026-02-10,SC-141,DR-9024,Lima,Surco,76,20.76,54.41,0.84,-12.112281,-77.183051,telemetry,OVERHEAT,csv_simulator
EVT-00111,2026-02-10T20:15:33Z,2026-02-10,SC-105,DR-9041,Lima,Callao,84,6.24,35.36,0.95,-12.027955,-77.189252,telemetry,,csv_simulator
EVT-00112,2026-02-10T20:15:36Z,2026-02-10,SC-108,DR-9007,Lima,Surco,67,25.42,32.11,0.89,-12.189876,-77.139297,maintenance,,csv_simulator
EVT-00113,2026-02-10T20:15:39Z,2026-02-10,SC-138,DR-9048,Lima,Surco,58,5.65,29.48,0.50,-12.123130,-77.187811,telemetry,,csv_simulator
EVT-00114,2026-02-10T20:15:42Z,2026-02-10,SC-145,DR-9024,Lima,Miraflores,69,24.37,38.66,0.95,-12.196186,-77.073467,telemetry,,csv_simulator
EVT-00115,2026-02-10T20:15:45Z,2026-02-10,SC-126,DR-9018,Lima,Miraflores,68,20.85,43.09,0.62,-12.132554,-77.128341,maintenance,,csv_simulator
EVT-00116,2026-02-10T20:15:48Z,2026-02-10,SC-104,DR-9022,Lima,Miraflores,65,21.11,35.23,0.75,-12.153031,-77.041431,telemetry,,csv_simulator
EVT-00117,2026-02-10T20:15:51Z,2026-02-10,SC-122,DR-9050,Lima,SanIsidro,90,28.31,53.82,0.79,-12.028938,-77.025998,telemetry,OVERHEAT,csv_simulator
EVT-00118,2026-02-10T20:15:54Z,2026-02-10,SC-108,DR-9043,Lima,SanIsidro,72,15.63,29.13,1.00,-12.117771,-77.003156,telemetry,,csv_simulator
EVT-00119,2026-02-10T20:15:57Z,2026-02-10,SC-109,DR-9048,Lima,Miraflores,56,19.40,46.04,0.86,-12.072408,-77.118733,telemetry,,csv_simulator
EVT-00120,2026-02-10T20:16:00Z,2026-02-10,SC-115,DR-9040,Lima,JesusMaria,98,20.82,44.51,0.62,-12.091609,-77.192805,telemetry,,csv_simulator
EVT-00121,2026-02-10T20:16:03Z,2026-02-10,SC-126,DR-9028,Lima,Surco,55,11.59,40.64,0.74,-12.016158,-77.121659,telemetry,,csv_simulator
EVT-00122,2026-02-10T20:16:06Z,2026-02-10,SC-118,DR-9040,Lima,SanIsidro,48,12.39,26.23,1.00,-12.106111,-77.090743,maintenance,,csv_simulator
EVT-00123,2026-02-10T20:16:09Z,2026-02-10,SC-107,DR-9045,Lima,Surco,86,23.76,45.28,0.62,-12.173098,-77.086014,telemetry,,csv_simulator
EVT-00124,2026-02-10T20:16:12Z,2026-02-10,SC-122,DR-9030,Lima,Surco,38,23.77,35.35,0.92,-12.050978,-77.190719,telemetry,,csv_simulator
EVT-00125,2026-02-10T20:16:15Z,2026-02-10,SC-106,DR-9006,Lima,Miraflores,72,19.49,36.97,0.45,-12.111274,-77.117293,maintenance,,csv_simulator
EVT-00126,2026-02-10T20:16:18Z,2026-02-10,SC-122,DR-9043,Lima,JesusMaria,78,21.89,31.24,0.52,-12.173618,-77.144212,telemetry,,csv_simulator
EVT-00127,2026-02-10T20:16:21Z,2026-02-10,SC-120,DR-9023,Lima,JesusMaria,83,22.33,43.17,0.95,-12.169455,-77.070023,maintenance,,csv_simulator
EVT-00128,2026-02-10T20:16:24Z,2026-02-10,SC-108,DR-9049,Lima,Barranco,62,22.23,28.74,0.88,-12.153487,-77.124345,maintenance,,csv_simulator
EVT-00129,2026-02-10T20:16:27Z,2026-02-10,SC-139,DR-9043,Lima,Miraflores,72,13.84,43.28,1.00,-12.061797,-77.067965,telemetry,,csv_simulator
EVT-00130,2026-02-10T20:16:30Z,2026-02-10,SC-110,DR-9037,Lima,SanIsidro,60,16.10,36.79,0.30,-12.018352,-77.106097,telemetry,BRAKE_LOW,csv_simulator
EVT-00131,2026-02-10T20:16:33Z,2026-02-10,SC-130,DR-9022,Lima,Surco,74,22.33,29.41,1.00,-12.119245,-77.176668,telemetry,,csv_simulator
EVT-00132,2026-02-10T20:16:36Z,2026-02-10,SC-149,DR-9040,Lima,SanIsidro,72,18.76,30.13,0.85,-12.121415,-77.082837,telemetry,,csv_simulator
EVT-00133,2026-02-10T20:16:39Z,2026-02-10,SC-108,DR-9023,Lima,JesusMaria,50,20.09,33.99,0.59,-12.133427,-77.009083,telemetry,,csv_simulator
EVT-00134,2026-02-10T20:16:42Z,2026-02-10,SC-104,DR-9001,Lima,JesusMaria,78,31.88,39.48,0.48,-12.057889,-77.023997,telemetry,,csv_simulator
EVT-00135,2026-02-10T20:16:45Z,2026-02-10,SC-128,DR-9012,Lima,Callao,81,23.37,39.28,1.00,-12.133610,-77.070833,telemetry,,csv_simulator
EVT-00136,2026-02-10T20:16:48Z,2026-02-10,SC-103,DR-9028,Lima,Callao,100,19.59,44.78,0.60,-12.114680,-77.141900,telemetry,,csv_simulator
EVT-00137,2026-02-10T20:16:51Z,2026-02-10,SC-108,DR-9026,Lima,Barranco,82,18.69,41.52,0.54,-12.166405,-77.183954,telemetry,,csv_simulator
EVT-00138,2026-02-10T20:16:54Z,2026-02-10,SC-107,DR-9016,Lima,Surco,46,20.39,52.24,0.95,-12.149161,-77.044314,telemetry,OVERHEAT,csv_simulator
EVT-00139,2026-02-10T20:16:57Z,2026-02-10,SC-133,DR-9041,Lima,Miraflores,83,22.71,44.16,0.69,-12.145476,-77.163790,telemetry,,csv_simulator
EVT-00140,2026-02-10T20:17:00Z,2026-02-10,SC-107,DR-9010,Lima,SanIsidro,64,21.70,45.74,1.00,-12.015071,-77.190258,telemetry,,csv_simulator
EVT-00141,2026-02-10T20:17:03Z,2026-02-10,SC-149,DR-9037,Lima,Surco,,11.46,47.17,0.67,-12.127060,-77.124904,telemetry,,csv_simulator
EVT-00142,2026-02-10T20:17:06Z,2026-02-10,SC-129,DR-9005,Lima,SanIsidro,37,19.64,41.07,0.55,-12.070388,-77.014838,telemetry,,csv_simulator
EVT-00143,2026-02-10T20:17:09Z,2026-02-10,SC-103,DR-9004,Lima,Surco,53,21.62,24.47,0.39,-12.018059,-77.118816,telemetry,BRAKE_LOW,csv_simulator
EVT-00144,2026-02-10T20:17:12Z,2026-02-10,SC-138,DR-9036,Lima,Surco,96,15.21,54.94,0.88,-12.114331,-77.037648,maintenance,OVERHEAT,csv_simulator
EVT-00145,2026-02-10T20:17:15Z,2026-02-10,SC-133,DR-9010,Lima,Surco,86,16.28,43.70,0.46,-12.196477,-77.016866,telemetry,,csv_simulator
EVT-00146,2026-02-10T20:17:18Z,2026-02-10,SC-116,DR-9046,Lima,Miraflores,45,20.46,33.34,0.76,-12.074570,-77.056579,telemetry,,csv_simulator
EVT-00147,2026-02-10T20:17:21Z,2026-02-10,SC-144,DR-9039,Lima,Barranco,91,20.74,34.37,0.92,-12.111593,-77.077313,telemetry,,csv_simulator
EVT-00148,2026-02-10T20:17:24Z,2026-02-10,SC-143,DR-9039,Lima,Callao,77,14.14,34.17,0.73,-12.069964,-77.193539,telemetry,,csv_simulator
EVT-00149,2026-02-10T20:17:27Z,2026-02-10,SC-139,DR-9046,Lima,SanIsidro,80,16.04,27.88,1.00,-12.162637,-77.134023,maintenance,,csv_simulator
EVT-00150,2026-02-10T20:17:30Z,2026-02-10,SC-142,DR-9043,Lima,Miraflores,48,20.63,34.72,0.87,-12.042839,-77.189534,telemetry,,csv_simulator
EVT-00151,2026-02-10T20:17:33Z,2026-02-10,SC-115,DR-9009,Lima,SanIsidro,74,22.15,40.26,0.57,-12.107954,-77.147729,maintenance,,csv_simulator
EVT-00152,2026-02-10T20:17:36Z,2026-02-10,SC-143,DR-9022,Lima,Miraflores,84,12.17,34.21,0.72,-12.036169,-77.138569,maintenance,,csv_simulator
EVT-00153,2026-02-10T20:17:39Z,2026-02-10,SC-147,DR-9029,Lima,SanIsidro,83,19.55,33.98,0.31,-12.122119,-77.150478,telemetry,BRAKE_LOW,csv_simulator
EVT-00154,2026-02-10T20:17:42Z,2026-02-10,SC-135,DR-9016,Lima,SanIsidro,51,28.16,23.10,0.85,-12.073568,-77.189426,telemetry,,csv_simulator
EVT-00155,2026-02-10T20:17:45Z,2026-02-10,SC-150,DR-9019,Lima,Surco,69,11.02,33.85,0.83,-12.039940,-77.120933,telemetry,,csv_simulator
EVT-00156,2026-02-10T20:17:48Z,2026-02-10,SC-142,DR-9031,Lima,Miraflores,82,12.57,50.37,0.99,-12.170233,-77.057013,telemetry,OVERHEAT,csv_simulator
EVT-00157,2026-02-10T20:17:51Z,2026-02-10,SC-129,DR-9033,Lima,Barranco,77,23.14,43.35,0.74,-12.090226,-77.069917,telemetry,,csv_simulator
EVT-00158,2026-02-10T20:17:54Z,2026-02-10,SC-104,,Lima,Surco,50,17.94,45.75,0.77,-12.005638,-77.186165,telemetry,,csv_simulator
EVT-00159,2026-02-10T20:17:57Z,2026-02-10,SC-109,DR-9003,Lima,SanIsidro,56,28.99,36.55,0.69,-12.141107,-77.089720,telemetry,,csv_simulator
EVT-00160,2026-02-10T20:18:00Z,2026-02-10,SC-102,DR-9017,Lima,Miraflores,67,21.34,48.20,0.69,-12.084651,-77.155235,telemetry,,csv_simulator
EVT-00161,2026-02-10T20:18:03Z,2026-02-10,SC-108,DR-9004,Lima,Barranco,67,26.54,35.93,0.73,-12.167338,-77.099966,maintenance,,csv_simulator
EVT-00162,2026-02-10T20:18:06Z,2026-02-10,SC-141,DR-9033,Lima,Miraflores,36,13.66,37.89,0.79,-12.070563,-77.114133,telemetry,,csv_simulator
EVT-00163,2026-02-10T20:18:09Z,2026-02-10,SC-143,DR-9006,Lima,Callao,46,17.17,47.60,0.71,-12.157282,-77.101525,telemetry,,csv_simulator
EVT-00164,2026-02-10T20:18:12Z,2026-02-10,SC-131,DR-9003,Lima,Surco,27,5.28,37.97,0.81,-12.157704,-77.068960,telemetry,,csv_simulator
EVT-00165,2026-02-10T20:18:15Z,2026-02-10,SC-148,DR-9049,Lima,JesusMaria,62,19.57,23.95,0.69,-12.035018,-77.155829,telemetry,,csv_simulator
EVT-00166,2026-02-10T20:18:18Z,2026-02-10,SC-131,DR-9041,Lima,Callao,69,20.94,33.94,0.36,-12.007397,-77.040318,telemetry,BRAKE_LOW,csv_simulator
EVT-00167,2026-02-10T20:18:21Z,2026-02-10,SC-121,DR-9020,Lima,Miraflores,5,16.26,32.11,0.74,-12.150658,-77.038221,telemetry,,csv_simulator
EVT-00168,2026-02-10T20:18:24Z,2026-02-10,SC-142,DR-9022,Lima,Miraflores,59,28.64,30.54,0.85,-12.087947,-77.191296,telemetry,,csv_simulator
EVT-00169,2026-02-10T20:18:27Z,2026-02-10,SC-132,DR-9045,Lima,SanIsidro,19,18.21,23.73,0.74,-12.145416,-77.015785,maintenance,,csv_simulator
EVT-00170,2026-02-10T20:18:30Z,2026-02-10,SC-135,DR-9019,Lima,SanIsidro,61,20.21,34.37,0.65,-12.120524,-77.085223,telemetry,,csv_simulator
EVT-00171,2026-02-10T20:18:33Z,2026-02-10,SC-129,DR-9003,Lima,Barranco,58,4.92,31.58,0.65,-12.127894,-77.158296,telemetry,,csv_simulator
EVT-00172,2026-02-10T20:18:36Z,2026-02-10,SC-143,DR-9041,Lima,Miraflores,45,22.00,38.00,0.67,-12.006228,-77.169734,telemetry,,csv_simulator
EVT-00173,2026-02-10T20:18:39Z,2026-02-10,SC-109,DR-9005,Lima,Miraflores,67,26.60,25.34,1.00,-12.006477,-77.030688,telemetry,,csv_simulator
EVT-00174,2026-02-10T20:18:42Z,2026-02-10,SC-124,DR-9029,Lima,Barranco,67,10.19,30.08,0.75,-12.129912,-77.049922,telemetry,,csv_simulator
EVT-00175,2026-02-10T20:18:45Z,2026-02-10,SC-148,DR-9012,Lima,Miraflores,45,18.04,32.23,0.73,-12.052058,-77.089255,maintenance,,csv_simulator
EVT-00176,2026-02-10T20:18:48Z,2026-02-10,SC-145,DR-9032,Lima,Barranco,68,21.08,42.40,0.83,-12.142674,-77.199452,telemetry,,csv_simulator
EVT-00177,2026-02-10T20:18:51Z,2026-02-10,SC-123,DR-9046,Lima,Callao,87,20.98,50.12,0.56,-12.142362,-77.185465,telemetry,OVERHEAT,csv_simulator
EVT-00178,2026-02-10T20:18:54Z,2026-02-10,SC-133,DR-9015,Lima,Barranco,74,20.78,47.09,1.00,-12.005257,-77.110804,telemetry,,csv_simulator
EVT-00179,2026-02-10T20:18:57Z,2026-02-10,SC-136,DR-9009,Lima,Surco,58,16.35,26.49,1.00,-12.143774,-77.105139,telemetry,,csv_simulator
EVT-00180,2026-02-10T20:19:00Z,2026-02-10,SC-105,DR-9009,Lima,JesusMaria,93,16.51,26.51,0.86,-12.068903,-77.175592,maintenance,,csv_simulator
EVT-00181,2026-02-10T20:19:03Z,2026-02-10,SC-138,DR-9012,Lima,Callao,66,14.87,21.90,0.77,-12.166278,-77.103620,telemetry,,csv_simulator
EVT-00182,2026-02-10T20:19:06Z,2026-02-10,SC-111,DR-9021,Lima,SanIsidro,78,16.29,47.16,0.71,-12.056810,-77.015772,telemetry,,csv_simulator
EVT-00183,2026-02-10T20:19:09Z,2026-02-10,SC-136,DR-9018,Lima,Callao,76,21.61,28.75,0.74,-12.033727,-77.188321,telemetry,,csv_simulator
EVT-00184,2026-02-10T20:19:12Z,2026-02-10,SC-143,DR-9040,Lima,SanIsidro,59,9.96,43.66,0.59,-12.165047,-77.005675,telemetry,,csv_simulator
EVT-00185,2026-02-10T20:19:15Z,2026-02-10,SC-150,DR-9037,Lima,Callao,63,22.11,28.02,0.67,-12.006057,-77.177799,maintenance,,csv_simulator
EVT-00186,2026-02-10T20:19:18Z,2026-02-10,SC-142,DR-9020,Lima,Barranco,29,19.16,35.33,0.64,-12.014595,-77.011983,telemetry,,csv_simulator
EVT-00187,2026-02-10T20:19:21Z,2026-02-10,SC-131,DR-9030,Lima,Surco,72,25.86,33.12,1.00,-12.146840,-77.172155,telemetry,,csv_simulator
EVT-00188,2026-02-10T20:19:24Z,2026-02-10,SC-149,DR-9024,Lima,SanIsidro,,17.73,38.21,0.87,-12.089919,-77.028176,telemetry,,csv_simulator
EVT-00189,2026-02-10T20:19:27Z,2026-02-10,SC-125,DR-9040,Lima,Barranco,20,25.57,49.98,0.59,-12.186750,-77.144226,telemetry,,csv_simulator
EVT-00190,2026-02-10T20:19:30Z,2026-02-10,SC-132,DR-9033,Lima,SanIsidro,24,20.55,34.53,0.78,-12.078648,-77.091446,telemetry,,csv_simulator
EVT-00191,2026-02-10T20:19:33Z,2026-02-10,SC-138,DR-9023,Lima,SanIsidro,80,19.47,25.41,0.58,-12.134504,-77.057150,telemetry,,csv_simulator
EVT-00192,2026-02-10T20:19:36Z,2026-02-10,SC-128,DR-9009,Lima,Miraflores,88,11.49,38.66,0.61,-12.080116,-77.114056,telemetry,,csv_simulator
EVT-00193,2026-02-10T20:19:39Z,2026-02-10,SC-136,DR-9019,Lima,Barranco,86,21.17,38.59,0.63,-12.197818,-77.136080,telemetry,,csv_simulator
EVT-00194,2026-02-10T20:19:42Z,2026-02-10,SC-107,DR-9026,Lima,SanIsidro,23,30.62,30.87,0.72,-12.028853,-77.120493,telemetry,,csv_simulator
EVT-00195,2026-02-10T20:19:45Z,2026-02-10,SC-103,DR-9003,Lima,JesusMaria,95,20.30,41.22,0.57,-12.029788,-77.178626,telemetry,,csv_simulator
EVT-00196,2026-02-10T20:19:48Z,2026-02-10,SC-140,DR-9021,Lima,Barranco,96,33.63,37.55,0.63,-12.067275,-77.165658,maintenance,,csv_simulator
EVT-00197,2026-02-10T20:19:51Z,2026-02-10,SC-146,DR-9037,Lima,Surco,53,28.50,29.89,0.98,-12.195980,-77.116740,telemetry,,csv_simulator
EVT-00198,2026-02-10T20:19:54Z,2026-02-10,SC-131,DR-9017,Lima,JesusMaria,99,15.85,39.72,0.55,-12.144280,-77.116705,telemetry,,csv_simulator
EVT-00199,2026-02-10T20:19:57Z,2026-02-10,SC-141,DR-9047,Lima,JesusMaria,36,10.14,45.24,1.00,-12.006314,-77.189641,telemetry,,csv_simulator
EVT-00200,2026-02-10T20:20:00Z,2026-02-10,SC-102,DR-9029,Lima,SanIsidro,60,21.17,35.00,0.61,-12.154994,-77.184104,telemetry,,csv_simulator
EVT-00201,2026-02-10T20:20:03Z,2026-02-10,SC-109,DR-9034,Lima,Callao,69,23.13,32.88,0.59,-12.062751,-77.034636,maintenance,,csv_simulator
EVT-00202,2026-02-10T20:20:06Z,2026-02-10,SC-135,DR-9023,Lima,Barranco,46,7.22,31.92,0.49,-12.052872,-77.096836,telemetry,,csv_simulator
EVT-00203,2026-02-10T20:20:09Z,2026-02-10,SC-136,DR-9020,Lima,Barranco,73,33.92,36.05,0.92,-12.041456,-77.140998,telemetry,,csv_simulator
EVT-00204,2026-02-10T20:20:12Z,2026-02-10,SC-123,DR-9036,Lima,Surco,97,13.68,37.40,0.87,-12.135324,-77.075939,telemetry,,csv_simulator
EVT-00205,2026-02-10T20:20:15Z,2026-02-10,SC-150,DR-9010,Lima,Barranco,60,22.78,36.35,0.62,-12.088475,-77.051289,telemetry,,csv_simulator
EVT-00206,2026-02-10T20:20:18Z,2026-02-10,SC-113,DR-9035,Lima,SanIsidro,61,25.64,37.48,0.87,-12.148178,-77.047856,telemetry,,csv_simulator
EVT-00207,2026-02-10T20:20:21Z,2026-02-10,SC-134,DR-9015,Lima,Callao,60,16.50,27.12,0.93,-12.020109,-77.154153,telemetry,,csv_simulator
EVT-00208,2026-02-10T20:20:24Z,2026-02-10,SC-111,DR-9027,Lima,JesusMaria,41,7.86,26.53,0.82,-12.151182,-77.057449,telemetry,,csv_simulator
EVT-00209,2026-02-10T20:20:27Z,2026-02-10,SC-104,DR-9050,Lima,Callao,87,22.18,25.49,0.72,-12.187334,-77.182646,telemetry,,csv_simulator
EVT-00210,2026-02-10T20:20:30Z,2026-02-10,SC-112,DR-9003,Lima,Surco,85,17.89,19.22,0.79,-12.192426,-77.185208,telemetry,,csv_simulator
EVT-00211,2026-02-10T20:20:33Z,2026-02-10,SC-120,DR-9037,Lima,Miraflores,28,9.71,33.52,0.95,-12.128262,-77.104864,telemetry,,csv_simulator
EVT-00212,2026-02-10T20:20:36Z,2026-02-10,SC-130,DR-9018,Lima,JesusMaria,68,20.75,42.63,0.95,-12.051453,-77.037240,telemetry,,csv_simulator
EVT-00213,2026-02-10T20:20:39Z,2026-02-10,SC-137,DR-9044,Lima,Barranco,65,14.28,48.55,0.48,-12.165398,-77.103056,telemetry,,csv_simulator
EVT-00214,2026-02-10T20:20:42Z,2026-02-10,SC-143,DR-9007,Lima,Surco,69,21.03,35.30,0.90,-12.052157,-77.047104,telemetry,,csv_simulator
EVT-00215,2026-02-10T20:20:45Z,2026-02-10,SC-120,DR-9038,Lima,Barranco,64,17.10,31.01,0.55,-12.012425,-77.023645,telemetry,,csv_simulator
EVT-00216,2026-02-10T20:20:48Z,2026-02-10,SC-126,DR-9044,Lima,SanIsidro,22,17.80,36.01,0.63,-12.023483,-77.183226,telemetry,,csv_simulator
EVT-00217,2026-02-10T20:20:51Z,2026-02-10,SC-140,DR-9015,Lima,Barranco,67,21.15,45.59,1.00,-12.121148,-77.083169,maintenance,,csv_simulator
EVT-00218,2026-02-10T20:20:54Z,2026-02-10,SC-149,DR-9035,Lima,Surco,76,7.38,38.90,0.51,-12.119163,-77.157474,maintenance,,csv_simulator
EVT-00219,2026-02-10T20:20:57Z,2026-02-10,SC-134,DR-9046,Lima,Surco,36,28.22,49.45,1.00,-12.180578,-77.040431,maintenance,,csv_simulator
EVT-00220,2026-02-10T20:21:00Z,2026-02-10,SC-111,DR-9021,Lima,SanIsidro,78,12.87,32.61,0.52,-12.097766,-77.179778,telemetry,,csv_simulator
EVT-00221,2026-02-10T20:21:03Z,2026-02-10,SC-130,DR-9009,Lima,Miraflores,42,17.45,46.33,0.85,-12.161383,-77.144656,telemetry,,csv_simulator
EVT-00222,2026-02-10T20:21:06Z,2026-02-10,SC-101,DR-9048,Lima,Barranco,66,20.29,26.98,0.91,-12.108233,-77.012051,telemetry,,csv_simulator
EVT-00223,2026-02-10T20:21:09Z,2026-02-10,SC-103,DR-9019,Lima,Surco,36,23.57,40.20,0.28,-12.129176,-77.084072,telemetry,BRAKE_LOW,csv_simulator
EVT-00224,2026-02-10T20:21:12Z,2026-02-10,SC-125,DR-9025,Lima,Surco,100,25.48,41.01,0.71,-12.172057,-77.023727,maintenance,,csv_simulator
EVT-00225,2026-02-10T20:21:15Z,2026-02-10,SC-134,DR-9009,Lima,Surco,63,13.78,39.72,0.78,-12.059673,-77.134700,maintenance,,csv_simulator
EVT-00226,2026-02-10T20:21:18Z,2026-02-10,SC-135,DR-9025,Lima,Surco,71,13.95,34.35,0.90,-12.187482,-77.145005,telemetry,,csv_simulator
EVT-00227,2026-02-10T20:21:21Z,2026-02-10,SC-143,DR-9027,Lima,Miraflores,29,8.70,42.55,0.69,-12.013458,-77.118789,telemetry,,csv_simulator
EVT-00228,2026-02-10T20:21:24Z,2026-02-10,SC-144,DR-9046,Lima,JesusMaria,75,14.77,46.27,0.83,-12.107952,-77.150877,telemetry,,csv_simulator
EVT-00229,2026-02-10T20:21:27Z,2026-02-10,SC-133,DR-9019,Lima,SanIsidro,69,31.30,28.68,0.67,-12.154508,-77.163676,telemetry,,csv_simulator
EVT-00230,2026-02-10T20:21:30Z,2026-02-10,SC-110,DR-9043,Lima,Barranco,44,17.17,36.39,1.00,-12.118333,-77.147042,telemetry,,csv_simulator
EVT-00231,2026-02-10T20:21:33Z,2026-02-10,SC-144,DR-9028,Lima,Callao,59,17.36,31.58,0.99,-12.076231,-77.104893,telemetry,,csv_simulator
EVT-00232,2026-02-10T20:21:36Z,2026-02-10,SC-110,DR-9020,Lima,Surco,41,25.04,22.65,0.84,-12.060147,-77.141515,telemetry,,csv_simulator
EVT-00233,2026-02-10T20:21:39Z,2026-02-10,SC-136,DR-9027,Lima,Miraflores,90,16.46,41.97,0.88,-12.040667,-77.129341,telemetry,,csv_simulator
EVT-00234,2026-02-10T20:21:42Z,2026-02-10,SC-106,DR-9035,Lima,Barranco,62,14.15,36.61,1.00,-12.120584,-77.174724,telemetry,,csv_simulator
EVT-00235,2026-02-10T20:21:45Z,2026-02-10,SC-147,DR-9043,Lima,JesusMaria,,15.52,42.91,0.66,-12.191404,-77.003067,telemetry,,csv_simulator
EVT-00236,2026-02-10T20:21:48Z,2026-02-10,SC-108,DR-9048,Lima,Callao,87,17.98,38.51,1.00,-12.040903,-77.183025,maintenance,,csv_simulator
EVT-00237,2026-02-10T20:21:51Z,2026-02-10,SC-150,,Lima,Barranco,46,23.05,34.05,0.89,-12.102563,-77.099455,telemetry,,csv_simulator
EVT-00238,2026-02-10T20:21:54Z,2026-02-10,SC-131,DR-9049,Lima,Callao,88,6.76,32.31,0.92,-12.112505,-77.044255,telemetry,,csv_simulator
EVT-00239,2026-02-10T20:21:57Z,2026-02-10,SC-117,DR-9036,Lima,Miraflores,89,14.85,34.00,0.83,-12.065973,-77.075968,telemetry,,csv_simulator
EVT-00240,2026-02-10T20:22:00Z,2026-02-10,SC-136,DR-9042,Lima,Surco,82,16.11,38.78,0.57,-12.144712,-77.147919,telemetry,,csv_simulator
EVT-00241,2026-02-10T20:22:03Z,2026-02-10,SC-147,DR-9023,Lima,SanIsidro,80,26.37,20.20,0.81,-12.108427,-77.128362,telemetry,,csv_simulator
EVT-00242,2026-02-10T20:22:06Z,2026-02-10,SC-103,DR-9005,Lima,JesusMaria,92,14.99,38.74,0.60,-12.168509,-77.046287,telemetry,,csv_simulator
EVT-00243,2026-02-10T20:22:09Z,2026-02-10,SC-114,DR-9033,Lima,Miraflores,58,18.58,25.91,0.46,-12.182550,-77.131857,telemetry,,csv_simulator
EVT-00244,2026-02-10T20:22:12Z,2026-02-10,SC-135,DR-9036,Lima,Miraflores,61,18.58,36.28,0.56,-12.057338,-77.100443,telemetry,,csv_simulator
EVT-00245,2026-02-10T20:22:15Z,2026-02-10,SC-107,DR-9007,Lima,SanIsidro,50,17.32,33.55,0.69,-12.070888,-77.158987,telemetry,,csv_simulator
EVT-00246,2026-02-10T20:22:18Z,2026-02-10,SC-126,DR-9030,Lima,Barranco,9,10.75,39.84,1.00,-12.169573,-77.130747,telemetry,,csv_simulator
EVT-00247,2026-02-10T20:22:21Z,2026-02-10,SC-126,DR-9025,Lima,Miraflores,48,22.76,29.86,0.57,-12.016537,-77.169066,telemetry,,csv_simulator
EVT-00248,2026-02-10T20:22:24Z,2026-02-10,SC-107,DR-9034,Lima,JesusMaria,77,15.89,47.99,0.62,-12.113357,-77.054219,telemetry,,csv_simulator
EVT-00249,2026-02-10T20:22:27Z,2026-02-10,SC-118,DR-9035,Lima,Callao,60,17.40,44.27,0.71,-12.192294,-77.117407,telemetry,,csv_simulator
EVT-00250,2026-02-10T20:22:30Z,2026-02-10,SC-120,DR-9011,Lima,Miraflores,41,14.96,45.04,0.56,-12.108112,-77.076769,telemetry,,csv_simulator
EVT-00251,2026-02-10T20:22:33Z,2026-02-10,SC-147,DR-9006,Lima,Callao,10,17.92,46.09,0.84,-12.167735,-77.068119,maintenance,,csv_simulator
EVT-00252,2026-02-10T20:22:36Z,2026-02-10,SC-126,DR-9050,Lima,JesusMaria,51,25.55,39.83,0.59,-12.045628,-77.110608,telemetry,,csv_simulator
EVT-00253,2026-02-10T20:22:39Z,2026-02-10,SC-112,DR-9044,Lima,Surco,48,14.99,38.93,0.63,-12.049290,-77.014701,telemetry,,csv_simulator
EVT-00254,2026-02-10T20:22:42Z,2026-02-10,SC-125,DR-9046,Lima,SanIsidro,67,14.61,32.18,0.89,-12.018304,-77.188592,telemetry,,csv_simulator
EVT-00255,2026-02-10T20:22:45Z,2026-02-10,SC-149,DR-9018,Lima,Barranco,71,19.54,28.74,0.88,-12.102488,-77.020659,telemetry,,csv_simulator
EVT-00256,2026-02-10T20:22:48Z,2026-02-10,SC-136,DR-9006,Lima,Barranco,36,11.99,38.83,0.76,-12.082762,-77.155834,maintenance,,csv_simulator
EVT-00257,2026-02-10T20:22:51Z,2026-02-10,SC-137,DR-9034,Lima,SanIsidro,74,23.14,42.35,0.90,-12.098625,-77.012653,telemetry,,csv_simulator
EVT-00258,2026-02-10T20:22:54Z,2026-02-10,SC-127,DR-9020,Lima,Barranco,57,18.24,37.94,0.92,-12.125007,-77.118761,telemetry,,csv_simulator
EVT-00259,2026-02-10T20:22:57Z,2026-02-10,SC-107,DR-9009,Lima,Surco,48,31.78,32.50,1.00,-12.160815,-77.065908,telemetry,,csv_simulator
EVT-00260,2026-02-10T20:23:00Z,2026-02-10,SC-142,DR-9039,Lima,Surco,76,21.98,43.07,0.74,-12.062837,-77.192915,telemetry,,csv_simulator
EVT-00261,2026-02-10T20:23:03Z,2026-02-10,SC-148,DR-9045,Lima,Barranco,29,6.34,39.42,0.62,-12.056060,-77.157173,telemetry,,csv_simulator
EVT-00262,2026-02-10T20:23:06Z,2026-02-10,SC-137,DR-9013,Lima,Miraflores,43,13.87,33.79,0.57,-12.190601,-77.092324,telemetry,,csv_simulator
EVT-00263,2026-02-10T20:23:09Z,2026-02-10,SC-119,DR-9045,Lima,Surco,100,22.90,41.34,0.52,-12.027836,-77.060567,telemetry,,csv_simulator
EVT-00264,2026-02-10T20:23:12Z,2026-02-10,SC-110,DR-9046,Lima,Callao,47,20.71,27.75,0.86,-12.116449,-77.106873,telemetry,,csv_simulator
EVT-00265,2026-02-10T20:23:15Z,2026-02-10,SC-103,DR-9024,Lima,JesusMaria,54,7.53,23.26,0.56,-12.021874,-77.049646,telemetry,,csv_simulator
EVT-00266,2026-02-10T20:23:18Z,2026-02-10,SC-142,DR-9040,Lima,SanIsidro,100,22.73,34.44,0.62,-12.150537,-77.193143,telemetry,,csv_simulator
EVT-00267,2026-02-10T20:23:21Z,2026-02-10,SC-101,DR-9007,Lima,Miraflores,63,25.16,27.53,0.75,-12.115047,-77.089156,telemetry,,csv_simulator
EVT-00268,2026-02-10T20:23:24Z,2026-02-10,SC-150,DR-9044,Lima,Surco,44,14.27,37.00,0.81,-12.020910,-77.083195,telemetry,,csv_simulator
EVT-00269,2026-02-10T20:23:27Z,2026-02-10,SC-147,DR-9010,Lima,Miraflores,54,22.48,40.07,0.57,-12.069660,-77.019525,telemetry,,csv_simulator
EVT-00270,2026-02-10T20:23:30Z,2026-02-10,SC-105,DR-9020,Lima,Barranco,95,20.62,45.26,0.80,-12.021873,-77.160010,telemetry,,csv_simulator
EVT-00271,2026-02-10T20:23:33Z,2026-02-10,SC-112,DR-9036,Lima,JesusMaria,78,24.49,43.61,0.75,-12.081009,-77.036890,telemetry,,csv_simulator
EVT-00272,2026-02-10T20:23:36Z,2026-02-10,SC-102,DR-9048,Lima,Surco,55,15.39,31.36,0.68,-12.140947,-77.041157,telemetry,,csv_simulator
EVT-00273,2026-02-10T20:23:39Z,2026-02-10,SC-107,DR-9035,Lima,JesusMaria,71,22.92,31.98,0.82,-12.172527,-77.105543,telemetry,,csv_simulator
EVT-00274,2026-02-10T20:23:42Z,2026-02-10,SC-125,DR-9040,Lima,JesusMaria,57,19.85,32.71,0.94,-12.034506,-77.134718,telemetry,,csv_simulator
EVT-00275,2026-02-10T20:23:45Z,2026-02-10,SC-138,DR-9006,Lima,JesusMaria,56,13.41,38.29,0.87,-12.074661,-77.028272,telemetry,,csv_simulator
EVT-00276,2026-02-10T20:23:48Z,2026-02-10,SC-139,DR-9009,Lima,Surco,46,15.15,28.10,0.80,-12.183832,-77.186139,telemetry,,csv_simulator
EVT-00277,2026-02-10T20:23:51Z,2026-02-10,SC-111,DR-9032,Lima,JesusMaria,61,21.75,44.07,0.57,-12.173104,-77.190368,telemetry,,csv_simulator
EVT-00278,2026-02-10T20:23:54Z,2026-02-10,SC-113,DR-9025,Lima,SanIsidro,88,16.40,25.85,0.79,-12.083126,-77.167978,telemetry,,csv_simulator
EVT-00279,2026-02-10T20:23:57Z,2026-02-10,SC-106,DR-9037,Lima,SanIsidro,98,19.96,36.32,0.92,-12.107522,-77.033642,telemetry,,csv_simulator
EVT-00280,2026-02-10T20:24:00Z,2026-02-10,SC-148,DR-9050,Lima,JesusMaria,67,10.46,40.98,0.84,-12.155023,-77.164657,telemetry,,csv_simulator
EVT-00281,2026-02-10T20:24:03Z,2026-02-10,SC-149,DR-9003,Lima,JesusMaria,66,11.54,39.65,0.97,-12.147198,-77.130734,telemetry,,csv_simulator
EVT-00282,2026-02-10T20:24:06Z,2026-02-10,SC-103,DR-9029,Lima,Barranco,,29.91,51.69,0.97,-12.023477,-77.162378,telemetry,OVERHEAT,csv_simulator
EVT-00283,2026-02-10T20:24:09Z,2026-02-10,SC-138,DR-9045,Lima,Callao,46,25.62,34.76,0.70,-12.027847,-77.041324,telemetry,,csv_simulator
EVT-00284,2026-02-10T20:24:12Z,2026-02-10,SC-137,DR-9023,Lima,Miraflores,38,16.37,48.91,1.00,-12.058527,-77.114547,maintenance,,csv_simulator
EVT-00285,2026-02-10T20:24:15Z,2026-02-10,SC-107,DR-9009,Lima,Callao,99,15.56,59.83,0.50,-12.173410,-77.025378,telemetry,OVERHEAT,csv_simulator
EVT-00286,2026-02-10T20:24:18Z,2026-02-10,SC-110,DR-9046,Lima,SanIsidro,58,22.07,42.43,0.63,-12.028434,-77.126480,telemetry,,csv_simulator
EVT-00287,2026-02-10T20:24:21Z,2026-02-10,SC-129,DR-9005,Lima,Surco,37,8.80,46.03,0.90,-12.055645,-77.187267,telemetry,,csv_simulator
EVT-00288,2026-02-10T20:24:24Z,2026-02-10,SC-132,DR-9021,Lima,Surco,29,12.04,40.03,0.71,-12.194430,-77.126968,telemetry,,csv_simulator
EVT-00289,2026-02-10T20:24:27Z,2026-02-10,SC-135,DR-9026,Lima,Miraflores,69,24.23,39.50,0.92,-12.165669,-77.067551,maintenance,,csv_simulator
EVT-00290,2026-02-10T20:24:30Z,2026-02-10,SC-137,DR-9032,Lima,SanIsidro,75,5.65,38.19,0.72,-12.125236,-77.167340,telemetry,,csv_simulator
EVT-00291,2026-02-10T20:24:33Z,2026-02-10,SC-111,DR-9029,Lima,Miraflores,5,23.02,15.00,1.00,-12.181881,-77.176430,telemetry,,csv_simulator
EVT-00292,2026-02-10T20:24:36Z,2026-02-10,SC-118,DR-9006,Lima,SanIsidro,56,14.24,26.00,1.00,-12.033105,-77.079268,telemetry,,csv_simulator
EVT-00293,2026-02-10T20:24:39Z,2026-02-10,SC-145,DR-9049,Lima,Callao,67,26.72,37.89,0.77,-12.095361,-77.026540,telemetry,,csv_simulator
EVT-00294,2026-02-10T20:24:42Z,2026-02-10,SC-144,DR-9029,Lima,JesusMaria,95,18.54,47.75,0.29,-12.084463,-77.026435,telemetry,BRAKE_LOW,csv_simulator
EVT-00295,2026-02-10T20:24:45Z,2026-02-10,SC-125,DR-9006,Lima,SanIsidro,63,15.23,31.60,1.00,-12.027426,-77.154692,telemetry,,csv_simulator
EVT-00296,2026-02-10T20:24:48Z,2026-02-10,SC-144,DR-9010,Lima,Callao,88,21.22,34.32,0.71,-12.070238,-77.042611,telemetry,,csv_simulator
EVT-00297,2026-02-10T20:24:51Z,2026-02-10,SC-140,DR-9044,Lima,Surco,51,19.49,41.50,0.72,-12.024631,-77.146002,telemetry,,csv_simulator
EVT-00298,2026-02-10T20:24:54Z,2026-02-10,SC-121,DR-9009,Lima,Surco,65,26.63,38.12,1.00,-12.144236,-77.056984,telemetry,,csv_simulator
EVT-00299,2026-02-10T20:24:57Z,2026-02-10,SC-120,DR-9014,Lima,Callao,41,17.20,37.91,0.63,-12.010914,-77.179583,telemetry,,csv_simulator
EVT-00300,2026-02-10T20:25:00Z,2026-02-10,SC-125,DR-9008,Lima,Surco,66,26.54,53.12,0.94,-12.002413,-77.072220,telemetry,OVERHEAT,csv_simulator
EVT-00301,2026-02-10T20:25:03Z,2026-02-10,SC-125,DR-9037,Lima,SanIsidro,42,21.60,42.21,0.96,-12.197473,-77.014598,maintenance,,csv_simulator
EVT-00302,2026-02-10T20:25:06Z,2026-02-10,SC-101,DR-9017,Lima,Miraflores,74,31.26,45.64,0.72,-12.057298,-77.142526,telemetry,,csv_simulator
EVT-00303,2026-02-10T20:25:09Z,2026-02-10,SC-145,DR-9026,Lima,Surco,86,21.68,33.19,0.68,-12.061981,-77.102261,telemetry,,csv_simulator
EVT-00304,2026-02-10T20:25:12Z,2026-02-10,SC-135,DR-9021,Lima,SanIsidro,43,23.39,44.13,0.55,-12.013223,-77.139735,telemetry,,csv_simulator
EVT-00305,2026-02-10T20:25:15Z,2026-02-10,SC-116,DR-9006,Lima,Miraflores,73,16.64,35.95,0.74,-12.133216,-77.131610,telemetry,,csv_simulator
EVT-00306,2026-02-10T20:25:18Z,2026-02-10,SC-101,DR-9046,Lima,Miraflores,66,18.69,30.62,0.78,-12.103445,-77.164501,telemetry,,csv_simulator
EVT-00307,2026-02-10T20:25:21Z,2026-02-10,SC-124,DR-9009,Lima,SanIsidro,64,5.80,37.57,0.69,-12.179979,-77.067002,telemetry,,csv_simulator
EVT-00308,2026-02-10T20:25:24Z,2026-02-10,SC-134,DR-9005,Lima,Barranco,60,34.25,31.48,0.63,-12.102156,-77.011088,maintenance,,csv_simulator
EVT-00309,2026-02-10T20:25:27Z,2026-02-10,SC-124,DR-9011,Lima,SanIsidro,64,20.79,26.54,0.65,-12.045681,-77.101765,telemetry,,csv_simulator
EVT-00310,2026-02-10T20:25:30Z,2026-02-10,SC-116,DR-9003,Lima,Miraflores,45,19.04,48.87,1.00,-12.171497,-77.110573,telemetry,,csv_simulator
EVT-00311,2026-02-10T20:25:33Z,2026-02-10,SC-121,DR-9016,Lima,SanIsidro,37,22.81,37.57,0.85,-12.074562,-77.100408,telemetry,,csv_simulator
EVT-00312,2026-02-10T20:25:36Z,2026-02-10,SC-115,DR-9034,Lima,SanIsidro,100,16.26,46.12,0.86,-12.056461,-77.168969,telemetry,,csv_simulator
EVT-00313,2026-02-10T20:25:39Z,2026-02-10,SC-136,DR-9030,Lima,Miraflores,78,18.20,31.73,0.72,-12.124544,-77.092785,maintenance,,csv_simulator
EVT-00314,2026-02-10T20:25:42Z,2026-02-10,SC-150,DR-9050,Lima,Surco,79,30.14,38.39,0.65,-12.001276,-77.082007,telemetry,,csv_simulator
EVT-00315,2026-02-10T20:25:45Z,2026-02-10,SC-123,DR-9041,Lima,JesusMaria,86,7.61,38.41,0.78,-12.131461,-77.169801,telemetry,,csv_simulator
EVT-00316,2026-02-10T20:25:48Z,2026-02-10,SC-114,,Lima,Miraflores,85,17.34,58.82,0.66,-12.028475,-77.055965,telemetry,OVERHEAT,csv_simulator
EVT-00317,2026-02-10T20:25:51Z,2026-02-10,SC-134,DR-9027,Lima,SanIsidro,59,12.48,41.33,0.77,-12.019115,-77.026703,telemetry,,csv_simulator
EVT-00318,2026-02-10T20:25:54Z,2026-02-10,SC-138,DR-9037,Lima,Miraflores,92,21.37,42.53,0.89,-12.170183,-77.185208,telemetry,,csv_simulator
EVT-00319,2026-02-10T20:25:57Z,2026-02-10,SC-148,DR-9021,Lima,Callao,58,22.35,42.80,0.83,-12.155987,-77.116942,telemetry,,csv_simulator
EVT-00320,2026-02-10T20:26:00Z,2026-02-10,SC-111,DR-9029,Lima,Miraflores,45,19.30,17.84,0.68,-12.041527,-77.061662,telemetry,,csv_simulator
EVT-00321,2026-02-10T20:26:03Z,2026-02-10,SC-106,DR-9011,Lima,Miraflores,71,13.22,34.95,0.55,-12.043004,-77.171315,telemetry,,csv_simulator
EVT-00322,2026-02-10T20:26:06Z,2026-02-10,SC-146,DR-9016,Lima,Miraflores,84,16.81,44.42,0.83,-12.164018,-77.034774,telemetry,,csv_simulator
EVT-00323,2026-02-10T20:26:09Z,2026-02-10,SC-136,DR-9048,Lima,Surco,56,17.17,49.40,0.97,-12.024291,-77.012334,telemetry,,csv_simulator
EVT-00324,2026-02-10T20:26:12Z,2026-02-10,SC-113,DR-9026,Lima,SanIsidro,45,24.09,31.50,0.59,-12.051764,-77.162549,telemetry,,csv_simulator
EVT-00325,2026-02-10T20:26:15Z,2026-02-10,SC-113,DR-9042,Lima,Miraflores,55,19.10,50.45,0.59,-12.066310,-77.008539,telemetry,OVERHEAT,csv_simulator
EVT-00326,2026-02-10T20:26:18Z,2026-02-10,SC-111,DR-9037,Lima,Miraflores,35,21.93,30.14,0.78,-12.085333,-77.070789,telemetry,,csv_simulator
EVT-00327,2026-02-10T20:26:21Z,2026-02-10,SC-118,DR-9029,Lima,Barranco,68,16.93,33.60,0.69,-12.059021,-77.082398,maintenance,,csv_simulator
EVT-00328,2026-02-10T20:26:24Z,2026-02-10,SC-104,DR-9006,Lima,Surco,62,21.20,43.19,1.00,-12.105163,-77.126151,maintenance,,csv_simulator
EVT-00329,2026-02-10T20:26:27Z,2026-02-10,SC-125,DR-9046,Lima,Miraflores,,23.82,20.42,0.82,-12.100479,-77.077676,telemetry,,csv_simulator
EVT-00330,2026-02-10T20:26:30Z,2026-02-10,SC-121,DR-9039,Lima,Miraflores,73,30.52,38.50,0.72,-12.198306,-77.105886,maintenance,,csv_simulator
EVT-00331,2026-02-10T20:26:33Z,2026-02-10,SC-111,DR-9007,Lima,SanIsidro,65,22.46,24.16,0.71,-12.147412,-77.152810,telemetry,,csv_simulator
EVT-00332,2026-02-10T20:26:36Z,2026-02-10,SC-125,DR-9023,Lima,JesusMaria,100,10.66,40.71,0.90,-12.063601,-77.147621,telemetry,,csv_simulator
EVT-00333,2026-02-10T20:26:39Z,2026-02-10,SC-102,DR-9046,Lima,JesusMaria,50,4.13,28.52,0.69,-12.037647,-77.197601,telemetry,,csv_simulator
EVT-00334,2026-02-10T20:26:42Z,2026-02-10,SC-120,DR-9012,Lima,JesusMaria,56,18.16,38.61,0.91,-12.105290,-77.000137,maintenance,,csv_simulator
EVT-00335,2026-02-10T20:26:45Z,2026-02-10,SC-109,DR-9022,Lima,SanIsidro,55,4.84,41.95,0.65,-12.004383,-77.117322,telemetry,,csv_simulator
EVT-00336,2026-02-10T20:26:48Z,2026-02-10,SC-134,DR-9024,Lima,Miraflores,83,16.58,45.50,0.72,-12.020206,-77.060353,telemetry,,csv_simulator
EVT-00337,2026-02-10T20:26:51Z,2026-02-10,SC-147,DR-9028,Lima,SanIsidro,78,3.26,35.07,0.69,-12.193749,-77.138712,maintenance,,csv_simulator
EVT-00338,2026-02-10T20:26:54Z,2026-02-10,SC-115,DR-9043,Lima,Barranco,54,16.02,33.73,1.00,-12.025470,-77.145766,maintenance,,csv_simulator
EVT-00339,2026-02-10T20:26:57Z,2026-02-10,SC-150,DR-9037,Lima,Surco,91,19.65,56.42,0.56,-12.044179,-77.113110,telemetry,OVERHEAT,csv_simulator
EVT-00340,2026-02-10T20:27:00Z,2026-02-10,SC-122,DR-9048,Lima,SanIsidro,81,20.60,33.19,1.00,-12.192616,-77.164332,telemetry,,csv_simulator
EVT-00341,2026-02-10T20:27:03Z,2026-02-10,SC-101,DR-9017,Lima,Surco,72,26.93,29.70,1.00,-12.144083,-77.009629,telemetry,,csv_simulator
EVT-00342,2026-02-10T20:27:06Z,2026-02-10,SC-127,DR-9011,Lima,Callao,82,13.36,30.73,0.94,-12.020286,-77.095898,maintenance,,csv_simulator
EVT-00343,2026-02-10T20:27:09Z,2026-02-10,SC-149,DR-9044,Lima,Callao,68,24.50,38.63,0.74,-12.004016,-77.052226,telemetry,,csv_simulator
EVT-00344,2026-02-10T20:27:12Z,2026-02-10,SC-122,DR-9011,Lima,Miraflores,74,15.70,55.00,0.97,-12.195608,-77.067590,maintenance,OVERHEAT,csv_simulator
EVT-00345,2026-02-10T20:27:15Z,2026-02-10,SC-146,DR-9002,Lima,Surco,38,21.65,31.33,0.66,-12.010711,-77.066219,telemetry,,csv_simulator
EVT-00346,2026-02-10T20:27:18Z,2026-02-10,SC-145,DR-9036,Lima,Surco,59,8.44,37.38,0.93,-12.047510,-77.009927,maintenance,,csv_simulator
EVT-00347,2026-02-10T20:27:21Z,2026-02-10,SC-132,DR-9010,Lima,JesusMaria,66,18.18,50.71,0.96,-12.125018,-77.096066,telemetry,OVERHEAT,csv_simulator
EVT-00348,2026-02-10T20:27:24Z,2026-02-10,SC-114,DR-9011,Lima,Miraflores,29,5.42,34.09,0.79,-12.156975,-77.094189,telemetry,,csv_simulator
EVT-00349,2026-02-10T20:27:27Z,2026-02-10,SC-142,DR-9035,Lima,Miraflores,50,21.75,34.22,0.86,-12.008923,-77.087948,telemetry,,csv_simulator
EVT-00350,2026-02-10T20:27:30Z,2026-02-10,SC-118,DR-9037,Lima,SanIsidro,95,21.79,36.32,0.71,-12.068758,-77.108290,maintenance,,csv_simulator
EVT-00351,2026-02-10T20:27:33Z,2026-02-10,SC-136,DR-9004,Lima,SanIsidro,84,8.67,29.36,0.89,-12.173379,-77.094965,telemetry,,csv_simulator
EVT-00352,2026-02-10T20:27:36Z,2026-02-10,SC-120,DR-9006,Lima,Surco,34,25.22,48.16,0.83,-12.103363,-77.114297,maintenance,,csv_simulator
EVT-00353,2026-02-10T20:27:39Z,2026-02-10,SC-108,DR-9049,Lima,SanIsidro,18,22.61,40.75,0.89,-12.038545,-77.008535,telemetry,,csv_simulator
EVT-00354,2026-02-10T20:27:42Z,2026-02-10,SC-128,DR-9013,Lima,Callao,93,17.86,41.12,0.66,-12.182161,-77.182835,telemetry,,csv_simulator
EVT-00355,2026-02-10T20:27:45Z,2026-02-10,SC-125,DR-9036,Lima,Miraflores,50,21.20,36.55,0.98,-12.174693,-77.157310,maintenance,,csv_simulator
EVT-00356,2026-02-10T20:27:48Z,2026-02-10,SC-134,DR-9027,Lima,JesusMaria,73,20.22,28.34,0.68,-12.192966,-77.020041,telemetry,,csv_simulator
EVT-00357,2026-02-10T20:27:51Z,2026-02-10,SC-150,DR-9007,Lima,JesusMaria,73,6.24,49.97,0.53,-12.052827,-77.130958,maintenance,,csv_simulator
EVT-00358,2026-02-10T20:27:54Z,2026-02-10,SC-131,DR-9003,Lima,JesusMaria,74,23.38,29.10,0.60,-12.080344,-77.079159,telemetry,,csv_simulator
EVT-00359,2026-02-10T20:27:57Z,2026-02-10,SC-116,DR-9004,Lima,Callao,63,4.49,39.29,0.76,-12.163477,-77.060611,telemetry,,csv_simulator
EVT-00360,2026-02-10T20:28:00Z,2026-02-10,SC-145,DR-9044,Lima,Surco,97,25.00,52.37,1.00,-12.088622,-77.165165,telemetry,OVERHEAT,csv_simulator
EVT-00361,2026-02-10T20:28:03Z,2026-02-10,SC-127,DR-9039,Lima,Callao,57,14.93,41.58,1.00,-12.148189,-77.151899,telemetry,,csv_simulator
EVT-00362,2026-02-10T20:28:06Z,2026-02-10,SC-133,DR-9011,Lima,Miraflores,93,21.78,26.56,0.96,-12.104857,-77.113734,telemetry,,csv_simulator
EVT-00363,2026-02-10T20:28:09Z,2026-02-10,SC-113,DR-9004,Lima,SanIsidro,65,24.63,48.87,0.64,-12.054795,-77.164701,maintenance,,csv_simulator
EVT-00364,2026-02-10T20:28:12Z,2026-02-10,SC-141,DR-9008,Lima,Surco,58,13.95,29.33,0.79,-12.192104,-77.094916,maintenance,,csv_simulator
EVT-00365,2026-02-10T20:28:15Z,2026-02-10,SC-123,DR-9011,Lima,Barranco,73,14.04,39.69,0.71,-12.005490,-77.009930,maintenance,,csv_simulator
EVT-00366,2026-02-10T20:28:18Z,2026-02-10,SC-115,DR-9042,Lima,SanIsidro,67,22.03,32.43,0.60,-12.172926,-77.193428,telemetry,,csv_simulator
EVT-00367,2026-02-10T20:28:21Z,2026-02-10,SC-109,DR-9042,Lima,Surco,81,27.55,39.80,1.00,-12.188601,-77.142548,telemetry,,csv_simulator
EVT-00368,2026-02-10T20:28:24Z,2026-02-10,SC-125,DR-9023,Lima,Surco,51,19.07,34.88,0.99,-12.124721,-77.116897,telemetry,,csv_simulator
EVT-00369,2026-02-10T20:28:27Z,2026-02-10,SC-143,DR-9024,Lima,JesusMaria,40,14.97,35.52,1.00,-12.096348,-77.067257,telemetry,,csv_simulator
EVT-00370,2026-02-10T20:28:30Z,2026-02-10,SC-121,DR-9018,Lima,Callao,62,27.43,43.26,0.69,-12.029986,-77.153095,telemetry,,csv_simulator
EVT-00371,2026-02-10T20:28:33Z,2026-02-10,SC-126,DR-9043,Lima,JesusMaria,60,20.98,47.26,0.81,-12.059121,-77.181382,telemetry,,csv_simulator
EVT-00372,2026-02-10T20:28:36Z,2026-02-10,SC-148,DR-9003,Lima,Surco,8,8.31,40.96,0.63,-12.142674,-77.137264,telemetry,,csv_simulator
EVT-00373,2026-02-10T20:28:39Z,2026-02-10,SC-123,DR-9033,Lima,Callao,61,21.48,32.39,0.59,-12.058757,-77.094156,telemetry,,csv_simulator
EVT-00374,2026-02-10T20:28:42Z,2026-02-10,SC-136,DR-9049,Lima,Callao,100,10.41,47.42,0.63,-12.044451,-77.044666,telemetry,,csv_simulator
EVT-00375,2026-02-10T20:28:45Z,2026-02-10,SC-122,DR-9024,Lima,Surco,63,23.00,43.36,0.62,-12.173279,-77.116715,maintenance,,csv_simulator
EVT-00376,2026-02-10T20:28:48Z,2026-02-10,SC-131,DR-9013,Lima,Miraflores,,17.96,33.04,0.88,-12.010812,-77.170848,telemetry,,csv_simulator
EVT-00377,2026-02-10T20:28:51Z,2026-02-10,SC-122,DR-9027,Lima,SanIsidro,100,16.98,42.43,0.77,-12.172479,-77.036071,telemetry,,csv_simulator
EVT-00378,2026-02-10T20:28:54Z,2026-02-10,SC-122,DR-9041,Lima,Surco,82,17.56,46.20,0.85,-12.041876,-77.154708,maintenance,,csv_simulator
EVT-00379,2026-02-10T20:28:57Z,2026-02-10,SC-132,DR-9049,Lima,SanIsidro,66,14.90,30.25,0.86,-12.085805,-77.095480,telemetry,,csv_simulator
EVT-00380,2026-02-10T20:29:00Z,2026-02-10,SC-135,DR-9013,Lima,Miraflores,59,3.42,48.47,0.59,-12.106207,-77.003583,telemetry,,csv_simulator
EVT-00381,2026-02-10T20:29:03Z,2026-02-10,SC-147,DR-9016,Lima,Callao,71,30.15,36.58,0.86,-12.100667,-77.061223,telemetry,,csv_simulator
EVT-00382,2026-02-10T20:29:06Z,2026-02-10,SC-120,DR-9019,Lima,Miraflores,41,19.99,29.57,0.75,-12.137356,-77.026758,telemetry,,csv_simulator
EVT-00383,2026-02-10T20:29:09Z,2026-02-10,SC-149,DR-9013,Lima,Barranco,87,29.25,38.60,0.75,-12.044864,-77.196976,telemetry,,csv_simulator
EVT-00384,2026-02-10T20:29:12Z,2026-02-10,SC-102,DR-9038,Lima,Callao,54,17.91,34.57,0.47,-12.075038,-77.128064,maintenance,,csv_simulator
EVT-00385,2026-02-10T20:29:15Z,2026-02-10,SC-104,DR-9039,Lima,JesusMaria,94,17.70,37.09,0.75,-12.137950,-77.083355,telemetry,,csv_simulator
EVT-00386,2026-02-10T20:29:18Z,2026-02-10,SC-136,DR-9017,Lima,Miraflores,53,18.55,34.19,0.54,-12.060223,-77.132333,maintenance,,csv_simulator
EVT-00387,2026-02-10T20:29:21Z,2026-02-10,SC-140,DR-9039,Lima,Barranco,58,12.05,45.70,0.65,-12.123540,-77.056541,telemetry,,csv_simulator
EVT-00388,2026-02-10T20:29:24Z,2026-02-10,SC-113,DR-9039,Lima,Surco,69,22.46,32.69,0.76,-12.140687,-77.059070,telemetry,,csv_simulator
EVT-00389,2026-02-10T20:29:27Z,2026-02-10,SC-132,DR-9014,Lima,JesusMaria,56,11.64,38.12,0.81,-12.017801,-77.022086,maintenance,,csv_simulator
EVT-00390,2026-02-10T20:29:30Z,2026-02-10,SC-132,DR-9010,Lima,Callao,98,14.74,49.43,0.91,-12.180956,-77.128867,telemetry,,csv_simulator
EVT-00391,2026-02-10T20:29:33Z,2026-02-10,SC-117,DR-9030,Lima,Barranco,99,21.40,49.00,0.53,-12.072043,-77.135353,telemetry,,csv_simulator
EVT-00392,2026-02-10T20:29:36Z,2026-02-10,SC-108,DR-9007,Lima,Callao,89,7.85,42.36,0.79,-12.129440,-77.065732,telemetry,,csv_simulator
EVT-00393,2026-02-10T20:29:39Z,2026-02-10,SC-118,DR-9047,Lima,JesusMaria,95,24.08,41.31,0.95,-12.192462,-77.054367,telemetry,,csv_simulator
EVT-00394,2026-02-10T20:29:42Z,2026-02-10,SC-131,DR-9027,Lima,Callao,43,9.38,47.36,0.96,-12.011729,-77.188493,telemetry,,csv_simulator
EVT-00395,2026-02-10T20:29:45Z,2026-02-10,SC-127,,Lima,Miraflores,39,18.85,27.82,0.87,-12.155833,-77.122272,telemetry,,csv_simulator
EVT-00396,2026-02-10T20:29:48Z,2026-02-10,SC-132,DR-9008,Lima,Surco,81,13.80,48.76,0.88,-12.002472,-77.173666,maintenance,,csv_simulator
EVT-00397,2026-02-10T20:29:51Z,2026-02-10,SC-137,DR-9047,Lima,Callao,14,11.42,34.49,0.64,-12.104621,-77.140116,telemetry,,csv_simulator
EVT-00398,2026-02-10T20:29:54Z,2026-02-10,SC-143,DR-9047,Lima,Surco,65,23.53,34.48,0.62,-12.167807,-77.111669,maintenance,,csv_simulator
EVT-00399,2026-02-10T20:29:57Z,2026-02-10,SC-101,DR-9042,Lima,Miraflores,86,15.15,28.81,0.82,-12.033081,-77.150286,telemetry,,csv_simulator
EVT-00400,2026-02-10T20:30:00Z,2026-02-10,SC-122,DR-9018,Lima,SanIsidro,78,19.33,32.95,0.64,-12.047000,-77.091819,maintenance,,csv_simulator
EVT-00401,2026-02-10T20:30:03Z,2026-02-10,SC-106,DR-9032,Lima,Surco,55,18.98,26.36,0.78,-12.020529,-77.082468,maintenance,,csv_simulator
EVT-00402,2026-02-10T20:30:06Z,2026-02-10,SC-101,DR-9006,Lima,JesusMaria,78,3.11,27.08,0.49,-12.112467,-77.130919,telemetry,,csv_simulator
EVT-00403,2026-02-10T20:30:09Z,2026-02-10,SC-124,DR-9004,Lima,Barranco,80,7.43,31.27,1.00,-12.119990,-77.143332,telemetry,,csv_simulator
EVT-00404,2026-02-10T20:30:12Z,2026-02-10,SC-129,DR-9008,Lima,Callao,89,23.06,45.49,0.78,-12.126732,-77.159983,maintenance,,csv_simulator
EVT-00405,2026-02-10T20:30:15Z,2026-02-10,SC-124,DR-9045,Lima,JesusMaria,98,25.92,23.16,0.80,-12.148502,-77.081842,telemetry,,csv_simulator
EVT-00406,2026-02-10T20:30:18Z,2026-02-10,SC-113,DR-9013,Lima,JesusMaria,93,26.07,41.20,1.00,-12.038116,-77.067587,telemetry,,csv_simulator
EVT-00407,2026-02-10T20:30:21Z,2026-02-10,SC-141,DR-9044,Lima,Miraflores,35,12.54,26.84,0.86,-12.191238,-77.026927,telemetry,,csv_simulator
EVT-00408,2026-02-10T20:30:24Z,2026-02-10,SC-134,DR-9048,Lima,Miraflores,100,22.22,42.87,0.60,-12.101667,-77.184232,telemetry,,csv_simulator
EVT-00409,2026-02-10T20:30:27Z,2026-02-10,SC-138,DR-9012,Lima,Callao,63,14.88,29.76,0.94,-12.176539,-77.100822,telemetry,,csv_simulator
EVT-00410,2026-02-10T20:30:30Z,2026-02-10,SC-139,DR-9045,Lima,Surco,66,13.22,58.68,0.67,-12.090569,-77.026674,telemetry,OVERHEAT,csv_simulator
EVT-00411,2026-02-10T20:30:33Z,2026-02-10,SC-145,DR-9048,Lima,JesusMaria,26,17.11,31.37,0.73,-12.147364,-77.110716,telemetry,,csv_simulator
EVT-00412,2026-02-10T20:30:36Z,2026-02-10,SC-114,DR-9040,Lima,SanIsidro,58,9.09,41.76,0.73,-12.142079,-77.195036,telemetry,,csv_simulator
EVT-00413,2026-02-10T20:30:39Z,2026-02-10,SC-135,DR-9045,Lima,JesusMaria,44,10.84,38.70,0.55,-12.116561,-77.188535,telemetry,,csv_simulator
EVT-00414,2026-02-10T20:30:42Z,2026-02-10,SC-148,DR-9035,Lima,Callao,56,29.34,41.49,0.58,-12.005054,-77.029065,telemetry,,csv_simulator
EVT-00415,2026-02-10T20:30:45Z,2026-02-10,SC-118,DR-9049,Lima,SanIsidro,77,1.23,36.17,0.69,-12.012407,-77.156871,telemetry,,csv_simulator
EVT-00416,2026-02-10T20:30:48Z,2026-02-10,SC-103,DR-9023,Lima,JesusMaria,68,15.43,46.86,0.56,-12.172968,-77.148483,maintenance,,csv_simulator
EVT-00417,2026-02-10T20:30:51Z,2026-02-10,SC-116,DR-9033,Lima,Surco,72,7.50,35.23,1.00,-12.185297,-77.077511,telemetry,,csv_simulator
EVT-00418,2026-02-10T20:30:54Z,2026-02-10,SC-104,DR-9001,Lima,JesusMaria,64,13.96,48.78,0.52,-12.088613,-77.045110,telemetry,,csv_simulator
EVT-00419,2026-02-10T20:30:57Z,2026-02-10,SC-135,DR-9048,Lima,JesusMaria,37,11.72,44.51,0.75,-12.035485,-77.136532,telemetry,,csv_simulator
EVT-00420,2026-02-10T20:31:00Z,2026-02-10,SC-148,DR-9033,Lima,SanIsidro,69,19.18,36.86,0.92,-12.032186,-77.169203,telemetry,,csv_simulator
EVT-00421,2026-02-10T20:31:03Z,2026-02-10,SC-130,DR-9046,Lima,Barranco,70,17.34,47.72,0.67,-12.154732,-77.125073,telemetry,,csv_simulator
EVT-00422,2026-02-10T20:31:06Z,2026-02-10,SC-137,DR-9036,Lima,Surco,43,26.17,35.67,0.90,-12.036774,-77.013635,maintenance,,csv_simulator
EVT-00423,2026-02-10T20:31:09Z,2026-02-10,SC-127,DR-9035,Lima,SanIsidro,,17.39,39.00,0.90,-12.066377,-77.072160,telemetry,,csv_simulator
EVT-00424,2026-02-10T20:31:12Z,2026-02-10,SC-134,DR-9031,Lima,JesusMaria,100,17.76,39.06,0.78,-12.133788,-77.089133,maintenance,,csv_simulator
EVT-00425,2026-02-10T20:31:15Z,2026-02-10,SC-116,DR-9003,Lima,JesusMaria,57,13.19,54.64,0.56,-12.077175,-77.108047,telemetry,OVERHEAT,csv_simulator
EVT-00426,2026-02-10T20:31:18Z,2026-02-10,SC-134,DR-9050,Lima,Miraflores,39,25.65,35.74,0.80,-12.179656,-77.038502,maintenance,,csv_simulator
EVT-00427,2026-02-10T20:31:21Z,2026-02-10,SC-107,DR-9011,Lima,Miraflores,98,16.17,27.01,0.73,-12.042156,-77.125903,telemetry,,csv_simulator
EVT-00428,2026-02-10T20:31:24Z,2026-02-10,SC-128,DR-9007,Lima,Callao,75,28.84,47.51,0.58,-12.087048,-77.163351,telemetry,,csv_simulator
EVT-00429,2026-02-10T20:31:27Z,2026-02-10,SC-144,DR-9010,Lima,Callao,96,19.42,41.03,0.80,-12.035598,-77.050382,telemetry,,csv_simulator
EVT-00430,2026-02-10T20:31:30Z,2026-02-10,SC-115,DR-9017,Lima,JesusMaria,46,21.60,32.24,0.87,-12.077900,-77.023661,telemetry,,csv_simulator
EVT-00431,2026-02-10T20:31:33Z,2026-02-10,SC-147,DR-9040,Lima,Callao,95,21.84,52.90,0.88,-12.071540,-77.100567,telemetry,OVERHEAT,csv_simulator
EVT-00432,2026-02-10T20:31:36Z,2026-02-10,SC-120,DR-9039,Lima,Callao,94,23.28,30.59,0.85,-12.132145,-77.094798,maintenance,,csv_simulator
EVT-00433,2026-02-10T20:31:39Z,2026-02-10,SC-109,DR-9048,Lima,SanIsidro,37,24.78,18.52,0.65,-12.028815,-77.135458,telemetry,,csv_simulator
EVT-00434,2026-02-10T20:31:42Z,2026-02-10,SC-136,DR-9036,Lima,Miraflores,68,19.36,30.81,0.70,-12.109505,-77.017025,telemetry,,csv_simulator
EVT-00435,2026-02-10T20:31:45Z,2026-02-10,SC-148,DR-9047,Lima,Callao,53,23.14,32.17,0.61,-12.032191,-77.044158,telemetry,,csv_simulator
EVT-00436,2026-02-10T20:31:48Z,2026-02-10,SC-108,DR-9012,Lima,SanIsidro,52,11.17,50.57,0.88,-12.198015,-77.109770,maintenance,OVERHEAT,csv_simulator
EVT-00437,2026-02-10T20:31:51Z,2026-02-10,SC-119,DR-9043,Lima,Miraflores,73,19.12,36.59,0.57,-12.066170,-77.025643,telemetry,,csv_simulator
EVT-00438,2026-02-10T20:31:54Z,2026-02-10,SC-119,DR-9040,Lima,Miraflores,76,19.67,30.89,0.79,-12.131884,-77.138692,telemetry,,csv_simulator
EVT-00439,2026-02-10T20:31:57Z,2026-02-10,SC-137,DR-9024,Lima,JesusMaria,82,3.84,41.39,0.92,-12.157132,-77.142440,telemetry,,csv_simulator
EVT-00440,2026-02-10T20:32:00Z,2026-02-10,SC-124,DR-9009,Lima,Barranco,57,13.13,29.38,0.80,-12.154953,-77.097394,telemetry,,csv_simulator
EVT-00441,2026-02-10T20:32:03Z,2026-02-10,SC-142,DR-9039,Lima,SanIsidro,79,20.40,45.79,0.44,-12.039286,-77.146709,telemetry,BRAKE_LOW,csv_simulator
EVT-00442,2026-02-10T20:32:06Z,2026-02-10,SC-105,DR-9002,Lima,Callao,81,11.13,42.04,0.56,-12.153840,-77.042552,telemetry,,csv_simulator
EVT-00443,2026-02-10T20:32:09Z,2026-02-10,SC-117,DR-9035,Lima,JesusMaria,84,13.38,35.42,0.70,-12.078500,-77.178288,maintenance,,csv_simulator
EVT-00444,2026-02-10T20:32:12Z,2026-02-10,SC-119,DR-9009,Lima,Callao,41,19.58,30.47,0.91,-12.132536,-77.169596,maintenance,,csv_simulator
EVT-00445,2026-02-10T20:32:15Z,2026-02-10,SC-111,DR-9049,Lima,Callao,43,17.42,46.40,1.00,-12.131883,-77.193547,telemetry,,csv_simulator
EVT-00446,2026-02-10T20:32:18Z,2026-02-10,SC-103,DR-9015,Lima,Barranco,66,13.65,37.47,0.91,-12.133717,-77.103577,telemetry,,csv_simulator
EVT-00447,2026-02-10T20:32:21Z,2026-02-10,SC-131,DR-9030,Lima,Surco,69,16.84,35.78,0.71,-12.193688,-77.126713,telemetry,,csv_simulator
EVT-00448,2026-02-10T20:32:24Z,2026-02-10,SC-117,DR-9038,Lima,Callao,53,16.98,33.66,0.64,-12.130667,-77.167094,maintenance,,csv_simulator
EVT-00449,2026-02-10T20:32:27Z,2026-02-10,SC-125,DR-9015,Lima,Barranco,46,17.43,44.23,0.63,-12.096422,-77.120842,maintenance,,csv_simulator
EVT-00450,2026-02-10T20:32:30Z,2026-02-10,SC-129,DR-9011,Lima,SanIsidro,68,25.16,37.12,0.88,-12.031471,-77.120404,telemetry,,csv_simulator
EVT-00451,2026-02-10T20:32:33Z,2026-02-10,SC-115,DR-9027,Lima,Callao,76,9.12,28.93,0.80,-12.042141,-77.032249,telemetry,,csv_simulator
EVT-00452,2026-02-10T20:32:36Z,2026-02-10,SC-116,DR-9003,Lima,Miraflores,83,23.79,44.36,0.94,-12.178160,-77.029373,telemetry,,csv_simulator
EVT-00453,2026-02-10T20:32:39Z,2026-02-10,SC-112,DR-9034,Lima,Barranco,91,15.89,36.57,0.77,-12.143909,-77.132349,telemetry,,csv_simulator
EVT-00454,2026-02-10T20:32:42Z,2026-02-10,SC-114,DR-9029,Lima,Miraflores,47,13.80,32.41,0.79,-12.082153,-77.028542,maintenance,,csv_simulator
EVT-00455,2026-02-10T20:32:45Z,2026-02-10,SC-140,DR-9043,Lima,SanIsidro,52,17.75,30.88,0.41,-12.119307,-77.013769,telemetry,BRAKE_LOW,csv_simulator
EVT-00456,2026-02-10T20:32:48Z,2026-02-10,SC-109,DR-9007,Lima,Surco,89,18.76,48.23,0.63,-12.165303,-77.121102,telemetry,,csv_simulator
EVT-00457,2026-02-10T20:32:51Z,2026-02-10,SC-140,DR-9039,Lima,Surco,98,20.55,34.00,0.78,-12.096448,-77.026066,maintenance,,csv_simulator
EVT-00458,2026-02-10T20:32:54Z,2026-02-10,SC-101,DR-9050,Lima,JesusMaria,55,12.26,23.67,0.96,-12.139529,-77.085791,telemetry,,csv_simulator
EVT-00459,2026-02-10T20:32:57Z,2026-02-10,SC-123,DR-9038,Lima,Surco,79,5.66,43.46,0.58,-12.085098,-77.050904,telemetry,,csv_simulator
EVT-00460,2026-02-10T20:33:00Z,2026-02-10,SC-119,DR-9039,Lima,Miraflores,79,13.70,42.70,1.00,-12.157884,-77.115597,telemetry,,csv_simulator
EVT-00461,2026-02-10T20:33:03Z,2026-02-10,SC-101,DR-9025,Lima,JesusMaria,47,10.44,34.95,0.94,-12.030956,-77.130315,telemetry,,csv_simulator
EVT-00462,2026-02-10T20:33:06Z,2026-02-10,SC-135,DR-9028,Lima,Barranco,39,14.74,46.04,0.77,-12.040739,-77.110421,maintenance,,csv_simulator
EVT-00463,2026-02-10T20:33:09Z,2026-02-10,SC-112,DR-9024,Lima,Surco,43,15.50,48.48,0.76,-12.154839,-77.079626,telemetry,,csv_simulator
EVT-00464,2026-02-10T20:33:12Z,2026-02-10,SC-108,DR-9048,Lima,Callao,69,28.41,41.49,0.75,-12.101669,-77.157216,maintenance,,csv_simulator
EVT-00465,2026-02-10T20:33:15Z,2026-02-10,SC-145,DR-9044,Lima,JesusMaria,61,14.58,38.80,0.78,-12.018218,-77.029066,maintenance,,csv_simulator
EVT-00466,2026-02-10T20:33:18Z,2026-02-10,SC-106,DR-9005,Lima,Surco,63,23.76,28.05,0.60,-12.186137,-77.080129,maintenance,,csv_simulator
EVT-00467,2026-02-10T20:33:21Z,2026-02-10,SC-146,DR-9039,Lima,Barranco,97,21.65,42.23,0.97,-12.002142,-77.170114,maintenance,,csv_simulator
EVT-00468,2026-02-10T20:33:24Z,2026-02-10,SC-113,DR-9003,Lima,Barranco,70,10.99,34.48,0.54,-12.134805,-77.071948,telemetry,,csv_simulator
EVT-00469,2026-02-10T20:33:27Z,2026-02-10,SC-106,DR-9018,Lima,SanIsidro,68,12.50,29.60,0.93,-12.103549,-77.147385,telemetry,,csv_simulator
EVT-00470,2026-02-10T20:33:30Z,2026-02-10,SC-136,DR-9019,Lima,Miraflores,,10.41,31.59,0.70,-12.163103,-77.045259,telemetry,,csv_simulator
EVT-00471,2026-02-10T20:33:33Z,2026-02-10,SC-126,DR-9037,Lima,Surco,77,18.11,27.78,0.77,-12.100634,-77.067993,telemetry,,csv_simulator
EVT-00472,2026-02-10T20:33:36Z,2026-02-10,SC-117,DR-9035,Lima,JesusMaria,75,10.76,30.85,0.34,-12.112634,-77.153993,telemetry,BRAKE_LOW,csv_simulator
EVT-00473,2026-02-10T20:33:39Z,2026-02-10,SC-144,DR-9030,Lima,Surco,96,10.77,31.86,0.80,-12.076535,-77.157731,telemetry,,csv_simulator
EVT-00474,2026-02-10T20:33:42Z,2026-02-10,SC-145,,Lima,Callao,71,12.12,32.02,0.96,-12.140164,-77.052670,telemetry,,csv_simulator
EVT-00475,2026-02-10T20:33:45Z,2026-02-10,SC-126,DR-9044,Lima,Miraflores,64,12.51,33.28,0.74,-12.062775,-77.043713,maintenance,,csv_simulator
EVT-00476,2026-02-10T20:33:48Z,2026-02-10,SC-112,DR-9048,Lima,Barranco,47,5.98,32.66,0.78,-12.147086,-77.174548,telemetry,,csv_simulator
EVT-00477,2026-02-10T20:33:51Z,2026-02-10,SC-113,DR-9016,Lima,SanIsidro,74,13.18,38.73,0.69,-12.015698,-77.191156,telemetry,,csv_simulator
EVT-00478,2026-02-10T20:33:54Z,2026-02-10,SC-101,DR-9049,Lima,JesusMaria,96,6.19,42.45,0.64,-12.063083,-77.179624,maintenance,,csv_simulator
EVT-00479,2026-02-10T20:33:57Z,2026-02-10,SC-132,DR-9012,Lima,Barranco,100,16.69,36.93,0.91,-12.115333,-77.010830,telemetry,,csv_simulator
EVT-00480,2026-02-10T20:34:00Z,2026-02-10,SC-135,DR-9003,Lima,Surco,44,17.91,36.07,0.68,-12.195301,-77.139649,telemetry,,csv_simulator
EVT-00481,2026-02-10T20:34:03Z,2026-02-10,SC-145,DR-9001,Lima,Barranco,78,18.31,31.80,0.70,-12.122556,-77.051940,maintenance,,csv_simulator
EVT-00482,2026-02-10T20:34:06Z,2026-02-10,SC-116,DR-9018,Lima,Barranco,37,19.48,31.74,0.94,-12.042106,-77.140143,telemetry,,csv_simulator
EVT-00483,2026-02-10T20:34:09Z,2026-02-10,SC-126,DR-9018,Lima,Barranco,40,20.38,50.07,0.74,-12.162838,-77.144163,telemetry,OVERHEAT,csv_simulator
EVT-00484,2026-02-10T20:34:12Z,2026-02-10,SC-128,DR-9025,Lima,JesusMaria,76,28.15,37.35,0.58,-12.001948,-77.084304,telemetry,,csv_simulator
EVT-00485,2026-02-10T20:34:15Z,2026-02-10,SC-134,DR-9035,Lima,Callao,58,7.65,34.82,1.00,-12.113567,-77.079680,telemetry,,csv_simulator
EVT-00486,2026-02-10T20:34:18Z,2026-02-10,SC-114,DR-9017,Lima,Miraflores,37,19.24,31.13,0.83,-12.072192,-77.112070,telemetry,,csv_simulator
EVT-00487,2026-02-10T20:34:21Z,2026-02-10,SC-102,DR-9027,Lima,Barranco,94,26.32,43.19,0.75,-12.115179,-77.129826,telemetry,,csv_simulator
EVT-00488,2026-02-10T20:34:24Z,2026-02-10,SC-123,DR-9021,Lima,Barranco,54,11.85,36.58,0.40,-12.076214,-77.057305,telemetry,BRAKE_LOW,csv_simulator
EVT-00489,2026-02-10T20:34:27Z,2026-02-10,SC-141,DR-9022,Lima,SanIsidro,40,21.90,23.59,1.00,-12.015822,-77.068725,telemetry,,csv_simulator
EVT-00490,2026-02-10T20:34:30Z,2026-02-10,SC-142,DR-9019,Lima,Barranco,58,10.07,24.75,1.00,-12.156195,-77.187754,maintenance,,csv_simulator
EVT-00491,2026-02-10T20:34:33Z,2026-02-10,SC-129,DR-9027,Lima,JesusMaria,84,28.22,42.14,0.87,-12.050329,-77.148775,telemetry,,csv_simulator
EVT-00492,2026-02-10T20:34:36Z,2026-02-10,SC-111,DR-9026,Lima,SanIsidro,70,19.31,45.30,0.62,-12.005273,-77.079403,telemetry,,csv_simulator
EVT-00493,2026-02-10T20:34:39Z,2026-02-10,SC-117,DR-9040,Lima,Miraflores,81,25.25,43.18,0.68,-12.049479,-77.056835,telemetry,,csv_simulator
EVT-00494,2026-02-10T20:34:42Z,2026-02-10,SC-134,DR-9011,Lima,SanIsidro,94,19.58,42.54,0.66,-12.095231,-77.194996,maintenance,,csv_simulator
EVT-00495,2026-02-10T20:34:45Z,2026-02-10,SC-136,DR-9029,Lima,Barranco,97,28.97,27.63,0.72,-12.091309,-77.149782,maintenance,,csv_simulator
EVT-00496,2026-02-10T20:34:48Z,2026-02-10,SC-134,DR-9041,Lima,Surco,53,14.03,32.29,0.96,-12.160942,-77.088372,telemetry,,csv_simulator
EVT-00497,2026-02-10T20:34:51Z,2026-02-10,SC-117,DR-9010,Lima,Surco,64,18.08,44.20,0.46,-12.068777,-77.093840,telemetry,,csv_simulator
EVT-00498,2026-02-10T20:34:54Z,2026-02-10,SC-132,DR-9049,Lima,Callao,62,18.12,31.97,0.84,-12.046243,-77.001444,telemetry,,csv_simulator
EVT-00499,2026-02-10T20:34:57Z,2026-02-10,SC-127,DR-9036,Lima,SanIsidro,51,19.75,35.48,0.53,-12.165685,-77.044118,telemetry,,csv_simulator
EVT-00500,2026-02-10T20:35:00Z,2026-02-10,SC-141,DR-9016,Lima,Surco,29,16.88,28.68,0.60,-12.054373,-77.129691,maintenance,,csv_simulator
